timestamp,date_GMT,status,attendance,home_team_name,away_team_name,referee,Game Week,Pre-Match PPG (Home),Pre-Match PPG (Away),home_ppg,away_ppg,home_team_goal_count,away_team_goal_count,total_goal_count,total_goals_at_half_time,home_team_goal_count_half_time,away_team_goal_count_half_time,home_team_goal_timings,away_team_goal_timings,home_team_corner_count,away_team_corner_count,home_team_yellow_cards,home_team_red_cards,away_team_yellow_cards,away_team_red_cards,home_team_first_half_cards,home_team_second_half_cards,away_team_first_half_cards,away_team_second_half_cards,home_team_shots,away_team_shots,home_team_shots_on_target,away_team_shots_on_target,home_team_shots_off_target,away_team_shots_off_target,home_team_fouls,away_team_fouls,home_team_possession,away_team_possession,Home Team Pre-Match xG,Away Team Pre-Match xG,team_a_xg,team_b_xg,average_goals_per_match_pre_match,btts_percentage_pre_match,over_15_percentage_pre_match,over_25_percentage_pre_match,over_35_percentage_pre_match,over_45_percentage_pre_match,over_15_HT_FHG_percentage_pre_match,over_05_HT_FHG_percentage_pre_match,over_15_2HG_percentage_pre_match,over_05_2HG_percentage_pre_match,average_corners_per_match_pre_match,average_cards_per_match_pre_match,odds_ft_home_team_win,odds_ft_draw,odds_ft_away_team_win,odds_ft_over15,odds_ft_over25,odds_ft_over35,odds_ft_over45,odds_btts_yes,odds_btts_no,stadium_name
1743260400,Mar 29 2025 - 3:00pm,complete,N/A,Strømsgodset,Rosenborg,N/A,1,0.00,0.00,0.67,1.00,1,2,3,1,0,1,"90","39,49",2,6,5,0,6,0,0,5,2,4,12,17,4,6,8,11,12,10,52,48,0.00,0.00,1.24,1.82,0.00,0,0,0,0,0,0,0,0,0,0.00,0.00,3.27,3.50,1.91,1.22,1.70,2.90,4.75,1.58,2.35,Marienlyst Stadion
1743267600,Mar 29 2025 - 5:00pm,complete,N/A,Fredrikstad,Brann,N/A,1,0.00,0.00,1.67,1.53,3,0,3,2,2,0,"10,23,83","",3,7,0,0,1,0,0,0,0,1,12,9,5,4,7,5,8,12,27,73,0.00,0.00,1.22,1.10,0.00,0,0,0,0,0,0,0,0,0,0.00,0.00,3.55,3.10,2.20,1.33,2.05,3.50,5.80,1.72,1.83,Nye Fredrikstad Stadion
1743337800,Mar 30 2025 - 12:30pm,complete,N/A,Vålerenga,Viking,N/A,1,0.00,0.00,1.87,2.20,3,1,4,1,1,0,"41,66,79","62",8,7,3,0,3,1,1,2,2,2,16,15,4,6,12,9,12,11,53,47,0.00,0.00,1.56,1.59,0.00,0,0,0,0,0,0,0,0,0,0.00,0.00,2.30,3.50,2.65,1.22,1.65,2.50,4.20,1.50,2.40,Intility Arena
1743346800,Mar 30 2025 - 3:00pm,complete,N/A,Molde,Sarpsborg 08,N/A,1,0.00,0.00,1.67,1.47,0,2,2,1,0,1,"","5,64",8,1,3,0,2,0,1,2,1,1,7,9,3,6,4,3,10,12,58,42,0.00,0.00,1.29,1.40,0.00,0,0,0,0,0,0,0,0,0,0.00,0.00,1.47,4.76,6.50,1.13,1.45,2.25,4.17,1.64,2.12,Aker Stadion
1743346800,Mar 30 2025 - 3:00pm,complete,N/A,KFUM,Sandefjord,N/A,1,0.00,0.00,1.33,0.93,3,1,4,2,1,1,"63,45'2,77","43",4,5,1,0,2,0,0,1,0,2,13,8,4,3,9,5,16,10,44,56,0.00,0.00,1.50,1.06,0.00,0,0,0,0,0,0,0,0,0,0.00,0.00,2.25,3.10,3.35,1.40,2.15,3.95,8.00,1.95,1.78,KFUM Arena
1743346800,Mar 30 2025 - 3:00pm,complete,N/A,Tromsø,Haugesund,N/A,1,0.00,0.00,2.07,0.27,1,0,1,1,1,0,"37","",9,2,1,0,1,0,1,0,1,0,17,4,9,3,8,1,13,13,52,48,0.00,0.00,2.19,0.68,0.00,0,0,0,0,0,0,0,0,0,0.00,0.00,1.43,3.75,7.00,1.23,1.74,3.00,6.30,1.84,1.92,N/A
1743346800,Mar 30 2025 - 3:00pm,complete,N/A,HamKam,Kristiansund,N/A,1,0.00,0.00,1.60,1.07,2,1,3,2,1,1,"59,3","2",1,6,3,0,1,0,1,2,0,1,11,14,5,5,6,9,16,13,38,62,0.00,0.00,1.31,1.63,0.00,0,0,0,0,0,0,0,0,0,0.00,0.00,2.10,3.30,3.50,1.25,1.95,3.27,5.75,1.76,1.98,Briskeby Arena
1743354900,Mar 30 2025 - 5:15pm,complete,N/A,Bryne,FK Bodo - Glimt,N/A,1,0.00,0.00,1.47,2.20,0,1,1,1,0,1,"","35",4,8,1,0,0,0,0,1,0,0,10,10,2,4,8,6,11,6,42,58,0.00,0.00,1.19,1.24,0.00,0,0,0,0,0,0,0,0,0,0.00,0.00,6.00,4.85,1.43,1.20,1.60,2.35,4.49,1.83,1.90,Bryne Stadion
1743861600,Apr 05 2025 - 2:00pm,complete,N/A,FK Bodo - Glimt,HamKam,N/A,2,0.00,0.00,2.47,0.87,3,0,3,1,1,0,"5,59,75","",6,4,0,0,1,0,0,0,0,1,23,8,8,2,15,6,7,6,77,23,0.00,0.00,2.73,1.01,0.00,0,0,0,0,0,0,0,0,0,0.00,0.00,1.13,7.40,11.00,1.09,1.40,2.18,3.30,1.93,1.75,Aspmyra Stadion
1743868800,Apr 05 2025 - 4:00pm,complete,N/A,Rosenborg,Fredrikstad,N/A,2,0.00,0.00,1.80,1.13,1,0,1,1,1,0,"40","",8,6,1,0,1,0,0,1,0,1,17,6,6,3,11,3,14,10,58,42,0.00,0.00,1.92,0.78,0.00,0,0,0,0,0,0,0,0,0,0.00,0.00,1.63,3.78,4.60,1.27,1.99,2.90,5.80,1.75,1.94,Lerkendal Stadion
1743942600,Apr 06 2025 - 12:30pm,complete,N/A,Brann,Tromsø,N/A,2,0.00,0.00,2.20,1.73,3,1,4,1,0,1,"62,78,74","34",5,0,0,0,2,0,0,0,1,1,12,3,5,2,7,1,6,9,77,23,0.00,0.00,1.69,0.51,0.00,0,0,0,0,0,0,0,0,0,0.00,0.00,1.72,4.04,4.75,1.22,1.70,2.90,4.75,1.79,1.97,Brann Stadion
1743951600,Apr 06 2025 - 3:00pm,complete,N/A,Sandefjord,Molde,N/A,2,0.00,0.00,2.27,0.93,3,0,3,2,2,0,"41,23,80","",1,9,3,0,3,0,2,1,0,3,13,11,7,3,6,8,15,16,51,49,0.00,0.00,1.67,1.18,0.00,0,0,0,0,0,0,0,0,0,0.00,0.00,3.30,3.72,2.00,1.20,1.85,2.60,4.75,1.60,2.20,Komplett Arena
1743951600,Apr 06 2025 - 3:00pm,complete,N/A,Haugesund,Strømsgodset,N/A,2,0.00,0.00,0.33,0.67,0,5,5,2,0,2,"","15,25,48,79,90'2",4,10,1,0,2,0,0,1,1,1,12,23,3,9,9,14,8,13,53,47,0.00,0.00,1.33,2.42,0.00,0,0,0,0,0,0,0,0,0,0.00,0.00,3.77,3.62,1.97,1.26,1.85,3.09,5.70,1.70,2.10,Haugesund Stadion
1743951600,Apr 06 2025 - 3:00pm,complete,N/A,Sarpsborg 08,Vålerenga,N/A,2,0.00,0.00,1.27,0.87,1,1,2,1,0,1,"77","45'1",9,3,2,0,1,0,0,2,1,0,13,8,3,4,10,4,18,13,59,41,0.00,0.00,1.62,1.14,0.00,0,0,0,0,0,0,0,0,0,0.00,0.00,2.30,3.30,3.12,1.17,1.62,2.75,4.70,1.50,2.35,Sarpsborg Stadion
1743951600,Apr 06 2025 - 3:00pm,complete,N/A,Kristiansund,Bryne,N/A,2,0.00,0.00,1.27,0.60,2,1,3,2,1,1,"43,87","11",8,1,3,0,2,0,0,3,2,0,13,10,5,3,8,7,7,11,57,43,0.00,0.00,1.74,1.12,0.00,0,0,0,0,0,0,0,0,0,0.00,0.00,2.15,3.20,3.00,1.25,2.16,3.80,5.50,1.67,2.05,Kristiansund Stadion
1743959700,Apr 06 2025 - 5:15pm,complete,N/A,Viking,KFUM,N/A,2,0.00,0.00,2.53,1.00,3,1,4,2,1,1,"39,74,83","29",5,1,2,0,2,0,0,2,2,0,18,6,2,2,16,4,13,13,59,41,0.00,0.00,1.88,0.63,0.00,0,0,0,0,0,0,0,0,0,0.00,0.00,1.65,3.50,4.25,1.27,1.88,3.13,5.75,1.75,2.00,N/A
1744218000,Apr 09 2025 - 5:00pm,complete,N/A,Fredrikstad,Vålerenga,N/A,17,3.00,1.00,1.67,0.87,2,0,2,1,1,0,"39,76","",6,5,2,0,3,0,1,1,1,2,12,6,3,1,9,5,18,15,45,55,1.22,1.14,1.30,0.83,2.50,50,100,50,0,0,50,100,0,100,6.00,1.00,2.25,3.20,3.00,1.35,2.09,3.50,7.50,1.85,1.97,Nye Fredrikstad Stadion
1744304400,Apr 10 2025 - 5:00pm,complete,N/A,Brann,Strømsgodset,N/A,17,3.00,3.00,2.20,0.67,2,1,3,1,1,0,"45'3,70","50",9,10,2,0,1,0,0,2,1,0,19,10,3,4,16,6,17,15,57,43,1.69,2.42,1.74,1.18,4.50,50,100,100,100,50,50,100,100,100,15.00,2.00,1.62,4.00,5.20,1.14,1.50,2.45,3.90,1.67,2.15,Brann Stadion
1744304400,Apr 10 2025 - 5:00pm,complete,N/A,Viking,Kristiansund,N/A,16,3.00,0.00,2.53,1.07,3,1,4,1,0,1,"47,58,66","28",11,9,1,0,1,0,0,1,0,1,16,12,8,4,8,8,9,13,56,44,1.88,1.63,1.93,1.33,3.50,100,100,100,50,0,100,100,50,100,11.00,3.00,1.32,5.00,6.30,1.12,1.47,2.28,3.75,1.67,2.15,N/A
1745152200,Apr 20 2025 - 12:30pm,complete,N/A,Tromsø,Kristiansund,N/A,3,3.00,0.00,2.07,1.07,2,3,5,1,1,0,"36,90'5","57,74,89",9,4,2,0,3,0,1,1,1,2,18,10,6,5,12,5,13,8,60,40,2.19,1.48,1.98,1.20,2.25,50,50,50,25,0,25,100,25,50,16.50,2.00,1.60,3.85,5.50,1.25,1.75,3.50,4.90,1.87,1.87,N/A
1745238600,Apr 21 2025 - 12:30pm,complete,N/A,Vålerenga,Rosenborg,N/A,3,3.00,3.00,1.87,1.00,0,2,2,1,0,1,"","2,65",5,5,1,0,2,0,1,0,0,2,18,12,9,4,9,8,15,12,51,49,1.56,1.82,2.20,1.27,3.50,100,100,100,50,0,0,100,100,100,14.00,9.00,2.90,3.62,2.39,1.22,1.64,2.51,4.73,1.60,2.42,Intility Arena
1745247600,Apr 21 2025 - 3:00pm,complete,N/A,HamKam,Viking,N/A,3,3.00,0.00,1.60,2.20,2,5,7,4,0,4,"68,90'6","4,2,37,13,54",4,12,1,0,0,0,0,1,0,0,7,24,2,12,5,12,8,10,37,63,1.31,1.59,0.81,2.74,3.50,100,100,100,50,0,50,100,50,100,8.00,7.00,3.30,3.84,1.91,1.18,1.55,2.49,4.20,1.51,2.37,Briskeby Arena
1745247600,Apr 21 2025 - 3:00pm,complete,N/A,Bryne,Haugesund,N/A,3,0.00,0.00,1.47,0.27,3,1,4,2,2,0,"4,8,90'2","71",0,4,2,0,1,0,2,0,0,1,14,11,5,4,9,7,15,15,42,58,1.19,0.68,1.50,1.44,1.00,0,0,0,0,0,0,100,0,0,6.00,2.00,1.73,3.60,4.54,1.25,1.75,3.40,6.08,1.73,2.00,Bryne Stadion
1745247600,Apr 21 2025 - 3:00pm,complete,N/A,KFUM,Sarpsborg 08,N/A,3,3.00,3.00,1.33,1.47,1,3,4,2,0,2,"86","3,28,52",2,4,1,1,0,0,1,1,0,0,5,14,1,6,4,8,11,7,36,64,1.50,1.40,0.66,1.75,3.00,50,100,50,50,0,50,100,50,100,5.00,3.00,2.37,3.25,2.70,1.30,1.95,3.30,6.25,1.82,1.97,KFUM Arena
1745247600,Apr 21 2025 - 3:00pm,complete,N/A,Fredrikstad,Sandefjord,N/A,3,3.00,0.00,1.67,0.93,3,1,4,4,3,1,"15,37,45'1","44",1,8,1,0,2,0,0,1,1,1,9,18,3,3,6,15,14,14,37,63,1.26,1.06,0.99,1.79,3.25,50,100,75,50,0,75,100,50,100,9.50,3.00,2.00,3.25,3.50,1.32,2.04,3.10,6.00,1.76,1.95,Nye Fredrikstad Stadion
1745247600,Apr 21 2025 - 3:00pm,complete,N/A,Strømsgodset,Brann,N/A,3,0.00,0.00,0.67,1.53,1,2,3,1,1,0,"32","77,90'5",10,9,2,0,1,0,0,2,0,1,19,27,4,11,15,16,7,3,42,58,1.24,1.10,1.89,3.03,3.00,50,100,100,0,0,50,100,50,100,9.00,6.00,3.00,3.25,2.05,1.21,1.64,2.55,4.97,1.60,2.37,Marienlyst Stadion
1745255700,Apr 21 2025 - 5:15pm,complete,N/A,Molde,FK Bodo - Glimt,N/A,3,0.00,3.00,1.67,2.20,2,2,4,2,0,2,"85,78","34,44",4,3,3,0,1,0,2,1,1,0,13,12,4,6,9,6,11,7,49,51,1.29,1.24,1.44,1.47,1.50,0,50,0,0,0,0,100,0,50,16.00,3.00,3.29,3.58,2.15,1.16,1.65,2.40,4.49,1.55,2.30,Aker Stadion
1745757000,Apr 27 2025 - 12:30pm,complete,N/A,Rosenborg,Molde,N/A,4,3.00,0.00,1.80,0.93,0,0,0,0,0,0,"","",4,4,1,0,2,0,0,1,0,2,11,3,3,0,8,3,11,15,58,42,1.92,1.18,1.32,0.49,2.00,0,50,50,0,0,50,100,0,50,17.00,4.00,1.75,3.60,4.35,1.17,1.69,2.50,4.20,1.61,2.15,Lerkendal Stadion
1745766000,Apr 27 2025 - 3:00pm,complete,N/A,Brann,Bryne,N/A,4,3.00,0.00,2.20,0.60,3,2,5,2,0,2,"64,76,90'3","15,8",12,0,2,0,4,0,2,0,0,4,14,10,6,6,8,4,16,13,77,23,1.72,1.12,1.96,1.23,3.25,100,100,100,25,0,50,100,50,100,8.00,3.00,1.38,5.10,7.70,1.20,1.65,2.55,5.00,1.83,1.91,Brann Stadion
1745766000,Apr 27 2025 - 3:00pm,complete,N/A,FK Bodo - Glimt,KFUM,N/A,4,3.00,0.00,2.47,1.00,3,0,3,0,0,0,"80,90,87","",11,6,1,0,1,0,1,0,0,1,11,5,5,2,6,3,5,9,72,28,2.73,0.63,1.72,0.57,3.50,50,100,100,50,0,50,100,100,100,7.00,2.00,1.32,5.50,8.80,1.18,1.57,2.40,4.45,1.85,1.83,Aspmyra Stadion
1745766000,Apr 27 2025 - 3:00pm,complete,N/A,Haugesund,Fredrikstad,N/A,4,0.00,0.00,0.33,1.13,0,0,0,0,0,0,"","",2,10,2,0,2,0,1,1,1,1,9,14,1,4,8,10,9,9,42,58,1.33,0.78,0.87,1.61,3.00,0,50,50,50,50,50,100,50,50,10.00,2.00,3.70,3.60,2.01,1.31,2.07,3.60,7.78,1.85,1.95,Haugesund Stadion
1745766000,Apr 27 2025 - 3:00pm,complete,N/A,Sandefjord,HamKam,N/A,4,3.00,0.00,2.27,0.87,2,0,2,1,1,0,"23,47","",5,5,0,0,1,0,0,0,0,1,16,13,6,3,10,10,13,15,64,36,1.67,1.01,1.70,1.32,3.00,0,100,100,0,0,50,100,50,100,5.00,4.00,1.63,4.30,4.90,1.19,1.62,2.72,4.80,1.74,2.16,Komplett Arena
1745766000,Apr 27 2025 - 3:00pm,complete,N/A,Kristiansund,Vålerenga,N/A,4,3.00,0.50,1.27,0.87,0,2,2,0,0,0,"","72,90'4",6,2,1,0,3,0,1,0,3,0,13,10,2,2,11,8,13,17,47,53,1.74,0.98,1.31,1.28,2.50,75,100,50,0,0,50,100,0,100,12.00,5.00,3.20,4.00,2.06,1.15,1.62,2.50,4.50,1.57,2.30,Kristiansund Stadion
1745766000,Apr 27 2025 - 3:00pm,complete,N/A,Sarpsborg 08,Strømsgodset,N/A,4,1.00,1.50,1.27,0.67,2,3,5,1,0,1,"90,87","19,51,85",7,3,0,0,0,0,0,0,0,0,18,11,5,5,13,6,10,11,52,48,1.62,1.80,1.94,1.33,3.00,75,100,50,25,25,25,100,50,100,19.00,3.50,1.80,3.90,4.20,1.20,1.62,2.55,4.50,1.50,2.35,Sarpsborg Stadion
1745774100,Apr 27 2025 - 5:15pm,complete,N/A,Viking,Tromsø,N/A,4,3.00,0.00,2.53,1.73,4,4,8,1,0,1,"57,53,90'6,90'4","9,55,47,90'8",11,2,2,0,5,0,2,0,2,3,22,10,8,6,14,4,4,11,61,39,1.91,0.51,2.55,1.29,4.00,100,100,100,100,0,25,100,100,100,8.00,3.50,1.74,4.25,4.10,1.13,1.57,2.37,4.60,1.50,2.40,N/A
1746028800,Apr 30 2025 - 4:00pm,complete,N/A,Viking,Haugesund,N/A,18,2.33,0.00,2.53,0.27,5,1,6,3,2,1,"45'6,21,62,90'2,90'4","36",14,3,1,0,1,1,1,0,2,0,35,6,9,1,26,5,10,6,72,28,2.12,1.06,3.76,0.62,3.92,75,75,75,75,17,42,100,75,75,12.00,2.67,1.22,6.25,10.00,1.06,1.33,1.93,2.70,1.62,2.15,N/A
1746115200,May 01 2025 - 4:00pm,complete,N/A,Rosenborg,Kristiansund,N/A,17,2.00,1.00,1.80,1.07,1,1,2,0,0,0,"61","90'9",15,3,0,0,2,1,0,0,1,2,26,2,4,1,22,1,9,9,73,27,1.62,1.39,2.90,0.32,2.25,50,50,50,34,17,17,75,34,50,12.33,2.67,1.33,5.60,8.10,1.14,1.55,2.33,3.82,1.83,1.78,Lerkendal Stadion
1746205200,May 02 2025 - 5:00pm,complete,N/A,HamKam,KFUM,N/A,5,1.50,0.00,1.60,1.00,0,0,0,0,0,0,"","",0,7,2,0,3,0,1,1,0,3,11,14,4,2,7,12,10,9,35,65,1.06,0.60,1.25,1.46,4.25,75,100,100,50,25,75,75,75,100,6.00,3.50,3.10,2.88,2.42,1.36,2.55,4.60,9.45,2.06,1.73,Briskeby Arena
1746288000,May 03 2025 - 4:00pm,complete,N/A,Vålerenga,Brann,N/A,5,1.50,1.50,1.87,1.53,2,4,6,2,0,2,"48,53","36,90'6,81,4",4,6,2,0,3,0,0,2,2,1,21,11,5,4,16,7,14,12,45,55,1.88,2.06,2.12,1.27,3.00,50,100,75,25,0,25,100,50,100,14.50,3.00,2.56,3.40,2.37,1.22,1.58,2.60,3.90,1.57,2.25,Intility Arena
1746370800,May 04 2025 - 3:00pm,complete,N/A,Viking,Sarpsborg 08,N/A,5,2.50,3.00,2.53,1.47,0,0,0,0,0,0,"","",12,4,2,0,0,0,1,1,0,0,15,9,5,3,10,6,11,12,59,41,2.53,1.58,1.96,1.04,4.25,75,100,75,75,25,50,100,75,100,12.75,2.50,1.61,4.20,4.00,1.07,1.26,1.80,2.75,1.33,2.90,N/A
1746370800,May 04 2025 - 3:00pm,complete,N/A,Strømsgodset,Kristiansund,N/A,5,0.00,1.00,0.67,1.07,1,2,3,1,1,0,"15","55,87",9,4,3,0,3,0,0,3,0,3,15,13,6,6,9,7,13,11,63,37,1.56,1.12,1.84,1.46,3.25,100,100,88,25,13,13,88,88,100,11.50,5.75,1.50,4.75,4.80,1.14,1.45,2.10,3.87,1.61,2.20,Marienlyst Stadion
1746370800,May 04 2025 - 3:00pm,complete,N/A,Tromsø,Sandefjord,N/A,5,1.50,0.00,2.07,0.93,0,1,1,0,0,0,"","62",3,3,2,0,2,1,1,1,0,3,9,22,0,5,9,17,15,9,52,48,2.09,1.42,0.92,1.98,3.50,75,75,75,75,25,50,100,50,50,15.50,3.50,1.70,3.60,3.80,1.20,1.66,2.60,4.97,1.65,2.10,N/A
1746370800,May 04 2025 - 3:00pm,complete,N/A,Molde,Haugesund,N/A,5,0.50,0.00,1.67,0.27,2,1,3,1,1,0,"43,90'7","90",5,3,2,0,4,0,1,1,4,0,14,7,7,3,7,4,16,12,56,44,1.36,0.91,1.86,0.88,3.34,59,84,59,59,17,59,100,59,84,9.00,4.67,1.22,6.40,12.00,1.13,1.44,2.10,3.56,1.85,1.85,Aker Stadion
1746378900,May 04 2025 - 5:15pm,complete,N/A,Rosenborg,Bryne,N/A,5,1.67,0.00,1.80,0.60,3,0,3,1,1,0,"9,77,63","",5,6,2,0,0,0,0,2,0,0,18,7,5,0,13,7,8,10,72,28,2.05,1.17,1.91,0.69,2.50,67,67,50,25,25,50,67,42,67,9.50,3.67,1.33,4.75,7.97,1.18,1.70,2.90,4.75,1.91,1.76,Lerkendal Stadion
1746966600,May 11 2025 - 12:30pm,complete,N/A,Brann,Rosenborg,N/A,6,3.00,3.00,2.20,1.00,0,0,0,0,0,0,"","",8,6,2,0,2,0,0,2,1,1,14,6,3,3,11,3,16,12,68,32,1.80,1.55,1.91,0.78,3.25,75,100,75,34,17,17,100,75,100,14.17,5.33,2.46,3.55,2.76,1.18,1.66,2.66,4.60,1.53,2.30,Brann Stadion
1746975600,May 11 2025 - 3:00pm,complete,N/A,Sandefjord,Vålerenga,N/A,6,3.00,1.33,2.27,0.87,2,1,3,2,1,1,"33,76","39",4,8,1,0,2,1,0,1,1,2,11,9,4,2,7,7,10,15,59,41,1.69,1.08,1.26,0.99,2.25,17,100,25,0,0,25,84,17,100,6.33,3.83,2.10,3.60,2.88,1.18,1.66,2.60,4.00,1.57,2.36,Komplett Arena
1746975600,May 11 2025 - 3:00pm,complete,N/A,KFUM,Tromsø,N/A,6,1.50,0.50,1.33,1.73,1,3,4,2,1,1,"1","90'2,90'4,6",2,5,1,0,1,0,1,0,0,1,5,11,2,5,3,6,14,8,50,50,1.08,0.90,0.74,1.36,5.00,100,100,100,100,25,50,100,100,100,4.00,5.50,2.45,3.20,3.05,1.42,2.45,4.33,11.00,1.98,1.81,KFUM Arena
1746975600,May 11 2025 - 3:00pm,complete,N/A,Kristiansund,Fredrikstad,N/A,6,1.50,0.50,1.27,1.13,0,1,1,0,0,0,"","70",2,3,2,0,3,0,0,2,1,2,8,10,1,3,7,7,10,15,60,40,1.53,1.20,0.94,1.17,1.50,25,50,25,0,0,25,50,25,50,15.00,3.50,2.90,3.10,2.20,1.33,2.08,3.55,7.42,1.80,1.93,Kristiansund Stadion
1746975600,May 11 2025 - 3:00pm,complete,N/A,Sarpsborg 08,HamKam,N/A,6,0.50,0.00,1.27,0.87,4,0,4,1,1,0,"15,64,90'1,88","",3,3,0,0,2,0,0,0,1,1,17,7,7,4,10,3,11,9,51,49,1.78,1.16,2.01,1.08,3.00,50,100,50,25,25,0,100,50,100,12.50,2.00,1.53,4.60,5.25,1.21,1.62,2.45,4.20,1.70,2.07,Sarpsborg Stadion
1746975600,May 11 2025 - 3:00pm,complete,N/A,Bryne,Molde,N/A,6,1.50,0.50,1.47,0.93,0,3,3,3,0,3,"","37,39,18",4,3,2,0,1,0,0,2,0,1,9,13,1,5,8,8,9,8,47,53,1.34,0.84,1.01,1.58,2.00,25,50,50,25,0,50,75,25,50,8.50,4.00,3.30,3.20,2.16,1.26,2.00,3.51,6.10,1.72,2.00,Bryne Stadion
1746983700,May 11 2025 - 5:15pm,complete,N/A,Haugesund,Viking,N/A,6,0.50,1.50,0.33,2.20,1,4,5,2,0,2,"79","35,45'2,90'7,89",3,7,1,1,0,0,2,0,0,0,6,13,3,6,3,7,12,15,37,63,1.10,2.17,1.20,1.50,4.00,50,75,75,75,50,50,75,75,75,12.50,3.50,4.80,4.50,1.55,1.12,1.44,2.15,3.56,1.54,2.30,Haugesund Stadion
1747411200,May 16 2025 - 4:00pm,complete,N/A,Molde,Kristiansund,N/A,7,1.33,1.40,1.67,1.07,0,1,1,1,0,1,"","21",7,0,1,0,1,0,0,1,0,1,21,7,7,2,14,5,4,7,65,35,1.53,1.19,2.31,0.73,3.20,84,100,74,37,10,27,90,74,100,10.87,5.07,1.44,5.00,6.50,1.17,1.56,2.10,3.82,1.82,2.04,Aker Stadion
1747411200,May 16 2025 - 4:00pm,complete,N/A,Strømsgodset,Bryne,N/A,7,0.00,0.00,0.67,0.60,0,2,2,1,0,1,"","6,69",14,7,0,0,2,0,0,0,1,1,19,11,5,2,14,9,11,14,62,38,1.66,1.01,2.03,0.95,3.34,84,100,100,17,17,34,100,84,100,9.33,5.33,1.70,4.00,4.82,1.18,1.62,2.42,4.30,1.52,2.43,Marienlyst Stadion
1747411200,May 16 2025 - 4:00pm,complete,N/A,Tromsø,FK Bodo - Glimt,N/A,7,1.00,2.00,2.07,2.20,2,1,3,1,0,1,"57,90'3","38",4,6,4,0,2,0,2,2,1,1,13,12,5,4,8,8,13,6,36,64,1.70,1.36,1.33,1.57,2.42,42,42,42,42,17,25,84,42,59,12.50,2.17,4.50,3.90,1.65,1.15,1.63,2.55,4.53,1.61,2.25,N/A
1747411200,May 16 2025 - 4:00pm,complete,N/A,Fredrikstad,KFUM,N/A,7,3.00,0.33,1.67,1.00,1,0,1,1,1,0,"5","",4,6,1,0,2,0,0,1,1,1,6,8,1,2,5,6,10,8,38,62,1.17,0.88,0.75,1.02,2.67,33,84,67,33,0,50,67,34,67,8.00,3.00,1.94,3.19,4.20,1.55,2.70,6.00,13.00,2.50,1.55,Nye Fredrikstad Stadion
1747411200,May 16 2025 - 4:00pm,complete,N/A,Viking,Sandefjord,N/A,7,2.20,1.00,2.53,0.93,3,1,4,0,0,0,"46,79,90'3","59",13,2,1,0,3,1,0,1,1,3,23,11,6,4,17,7,19,17,55,45,2.42,1.61,2.23,1.15,3.70,74,74,74,74,20,54,74,57,74,15.93,3.93,1.55,4.00,4.33,1.06,1.42,2.16,3.25,1.47,2.80,N/A
1747411200,May 16 2025 - 4:00pm,complete,N/A,Brann,Sarpsborg 08,N/A,7,2.50,2.33,2.20,1.47,2,2,4,2,1,1,"4,59","30,90'5",10,2,0,0,1,0,0,0,0,1,15,14,6,6,9,8,19,16,62,38,1.82,1.40,1.99,1.53,2.50,54,71,54,42,13,29,71,54,71,11.50,2.17,1.83,4.00,4.10,1.16,1.53,2.37,4.17,1.51,2.45,Brann Stadion
1747411200,May 16 2025 - 4:00pm,complete,N/A,Rosenborg,Haugesund,N/A,7,2.00,0.00,1.80,0.27,1,0,1,1,1,0,"23","",6,3,2,0,2,0,0,2,0,2,21,7,8,1,13,6,9,16,66,34,2.01,0.90,2.48,0.69,2.50,50,63,50,25,13,25,75,63,63,11.00,3.25,1.13,8.50,21.00,1.06,1.30,1.87,2.78,1.91,1.80,Lerkendal Stadion
1747418400,May 16 2025 - 6:00pm,complete,N/A,Vålerenga,HamKam,N/A,7,1.00,0.00,1.87,0.87,1,1,2,2,1,1,"8","29",3,0,3,0,3,0,2,1,3,0,23,8,7,3,16,5,15,13,60,40,1.96,1.14,2.27,0.91,3.50,34,100,67,50,17,17,100,67,100,9.67,3.33,1.53,4.10,5.25,1.19,1.70,2.45,4.97,1.78,2.10,Intility Arena
1748095200,May 24 2025 - 2:00pm,complete,N/A,Bryne,Fredrikstad,N/A,8,1.00,1.33,1.47,1.13,4,3,7,4,2,2,"73,74,1,13","88,26,33",7,3,1,0,0,0,1,0,0,0,19,11,8,3,11,8,11,5,56,44,1.23,1.19,2.15,1.10,1.67,17,34,34,17,0,34,67,17,33,9.00,3.67,2.70,2.90,2.70,1.48,2.25,3.90,9.00,1.95,1.73,Bryne Stadion
1748102400,May 24 2025 - 4:00pm,complete,N/A,FK Bodo - Glimt,Rosenborg,N/A,8,3.00,2.33,2.47,1.00,4,0,4,3,3,0,"18,4,39,52","",5,3,2,0,1,0,1,1,0,1,18,9,8,3,10,6,11,9,50,50,2.22,1.29,2.26,1.21,2.34,17,84,67,0,0,0,59,67,84,14.17,3.83,1.57,4.36,4.64,1.15,1.52,2.42,4.17,1.57,2.30,Aspmyra Stadion
1748176200,May 25 2025 - 12:30pm,complete,N/A,HamKam,Molde,N/A,8,1.33,1.33,1.60,0.93,2,1,3,2,1,1,"23,52","45'1",6,6,1,0,1,0,0,1,0,1,14,18,5,4,9,14,5,8,27,73,1.12,1.09,1.54,2.24,2.67,34,67,67,17,17,67,67,17,50,7.00,4.00,4.40,3.70,1.83,1.22,1.71,2.70,4.75,1.65,2.10,Briskeby Arena
1748185200,May 25 2025 - 3:00pm,complete,N/A,Sandefjord,Strømsgodset,N/A,8,3.00,2.00,2.27,0.67,3,2,5,2,2,0,"17,45'1,49","52,60",4,10,2,0,0,0,0,2,0,0,23,12,7,5,16,7,15,9,46,54,1.54,1.64,2.31,1.48,3.50,50,100,84,34,34,50,100,50,100,11.00,2.33,2.00,3.60,3.00,1.12,1.50,2.35,3.80,1.44,2.67,Komplett Arena
1748185200,May 25 2025 - 3:00pm,complete,N/A,Kristiansund,Viking,N/A,8,1.00,2.00,1.27,2.20,0,1,1,0,0,0,"","57",5,6,0,0,2,0,0,0,2,0,11,8,4,4,7,4,4,9,57,43,1.33,1.95,1.36,1.09,3.67,67,84,67,50,34,50,67,67,100,14.00,3.33,4.44,4.50,1.61,1.12,1.36,2.07,3.10,1.43,2.70,Kristiansund Stadion
1748185200,May 25 2025 - 3:00pm,complete,N/A,Sarpsborg 08,Tromsø,N/A,8,1.33,1.33,1.27,1.73,0,1,1,0,0,0,"","74",2,2,3,0,1,0,2,1,1,0,15,7,4,2,11,5,8,17,50,50,1.86,1.05,1.53,1.05,4.50,84,100,84,84,33,17,100,84,100,8.66,3.34,2.28,3.44,2.94,1.25,1.83,2.83,5.91,1.55,2.10,Sarpsborg Stadion
1748193300,May 25 2025 - 5:15pm,complete,N/A,Haugesund,Brann,N/A,8,0.33,2.00,0.33,1.53,0,2,2,0,0,0,"","60,89",6,4,2,0,2,0,1,1,2,0,9,15,2,6,7,9,12,15,39,61,1.13,1.80,1.01,1.87,3.67,50,84,84,50,50,67,84,67,84,10.33,3.67,6.00,4.75,1.40,1.15,1.45,2.05,3.83,1.71,2.10,Haugesund Stadion
1748278800,May 26 2025 - 5:00pm,complete,N/A,KFUM,Vålerenga,N/A,8,1.00,1.00,1.33,0.87,0,1,1,0,0,0,"","64",5,10,3,1,2,0,2,2,0,2,14,12,1,2,13,10,13,15,48,52,0.97,1.06,1.29,1.21,3.13,75,100,63,50,0,63,88,63,100,7.17,4.17,2.45,3.10,2.71,1.39,2.28,3.84,8.50,1.87,1.93,KFUM Arena
1748451600,May 28 2025 - 5:00pm,complete,N/A,Fredrikstad,Rosenborg,N/A,18,3.00,1.75,1.67,1.00,0,2,2,1,0,1,"","24,90'3",5,6,0,0,2,0,0,0,0,2,9,11,2,6,7,5,9,12,42,58,1.06,1.27,0.97,1.40,2.38,25,75,50,25,0,38,88,13,63,8.50,3.75,2.73,3.40,2.60,1.30,2.00,3.30,7.00,1.76,2.05,Nye Fredrikstad Stadion
1748458800,May 28 2025 - 7:00pm,complete,N/A,FK Bodo - Glimt,Viking,N/A,19,3.00,2.25,2.47,2.20,2,4,6,3,2,1,"44,25","73,28,83,90'1",4,3,0,1,3,0,0,1,1,2,11,17,7,8,4,9,9,11,61,39,2.23,1.73,1.52,1.95,3.79,38,88,88,54,25,42,71,71,100,15.33,2.50,1.40,4.80,5.60,1.07,1.36,1.80,2.90,1.53,2.40,Aspmyra Stadion
1748534400,May 29 2025 - 4:00pm,complete,N/A,Brann,Molde,N/A,15,2.20,1.00,2.20,0.93,0,3,3,1,0,1,"","11,48,72",9,0,2,0,5,2,1,1,3,4,19,4,7,3,12,1,9,22,72,28,1.86,1.38,2.28,0.55,2.73,53,78,78,30,10,58,78,40,65,14.30,2.95,1.65,3.90,4.35,1.18,1.60,2.50,4.47,1.50,2.20,Brann Stadion
1748700000,May 31 2025 - 2:00pm,complete,N/A,Strømsgodset,HamKam,N/A,9,0.00,0.25,0.67,0.87,0,3,3,1,0,1,"","7,73,71",5,4,1,0,3,0,1,0,1,2,17,16,6,7,11,9,9,12,58,42,1.75,1.08,2.03,1.83,2.75,50,100,63,13,0,13,100,63,88,11.75,4.25,1.72,4.00,4.00,1.18,1.53,2.42,3.80,1.50,2.40,Marienlyst Stadion
1748709900,May 31 2025 - 4:45pm,complete,N/A,Tromsø,Vålerenga,N/A,9,1.50,1.40,2.07,0.87,2,1,3,0,0,0,"52,68","67",5,7,3,0,2,0,1,2,0,2,15,10,3,4,12,6,18,11,58,42,1.61,1.09,1.59,1.20,2.25,45,65,35,13,13,10,68,35,88,11.85,4.65,1.75,3.70,4.20,1.25,1.83,3.10,4.70,1.75,2.09,N/A
1748781000,Jun 01 2025 - 12:30pm,complete,N/A,Fredrikstad,Sarpsborg 08,N/A,9,2.40,2.00,1.67,1.47,1,1,2,0,0,0,"79","90'11",6,9,3,0,2,0,2,1,0,2,14,18,8,8,6,10,12,6,51,49,1.05,1.43,1.98,2.04,2.45,35,78,45,35,0,45,88,25,68,6.55,1.55,2.15,3.42,3.40,1.30,1.93,3.50,5.30,1.77,1.97,Nye Fredrikstad Stadion
1748790000,Jun 01 2025 - 3:00pm,complete,N/A,Rosenborg,KFUM,N/A,9,2.20,0.25,1.80,1.00,1,1,2,0,0,0,"74","83",6,4,2,0,2,0,0,2,1,1,5,14,1,8,4,6,10,19,53,47,2.11,0.92,0.70,1.57,1.70,23,45,35,13,0,13,55,45,45,12.60,3.20,1.63,4.04,5.73,1.25,1.87,2.80,5.50,1.85,1.91,Lerkendal Stadion
1748790000,Jun 01 2025 - 3:00pm,complete,N/A,Brann,Kristiansund,N/A,9,1.83,1.67,2.20,1.07,4,2,6,6,4,2,"14,4,22,41","30,40",3,9,2,0,1,0,0,2,0,1,13,9,8,4,5,5,13,10,46,54,1.93,1.11,1.66,1.38,3.09,75,83,75,42,17,25,83,75,83,13.16,3.50,1.34,5.58,7.66,1.11,1.37,2.00,3.40,1.62,2.25,Brann Stadion
1748790000,Jun 01 2025 - 3:00pm,complete,N/A,Bryne,Sandefjord,N/A,9,1.50,0.75,1.47,0.93,3,2,5,2,2,0,"24,45'1,72","90'2,68",5,2,2,0,0,0,1,1,0,0,13,16,6,3,7,13,18,12,35,65,1.46,1.49,1.50,1.66,3.50,63,75,75,63,13,63,75,50,63,8.25,4.50,2.50,3.55,2.60,1.24,1.85,2.65,4.40,1.61,2.17,Bryne Stadion
1748790000,Jun 01 2025 - 3:00pm,complete,N/A,Haugesund,FK Bodo - Glimt,N/A,9,0.25,1.33,0.33,2.20,0,4,4,1,0,1,"","7,50,67,86",3,9,2,0,1,0,2,0,1,0,13,16,4,6,9,10,14,14,37,63,1.10,1.43,1.22,1.98,2.84,46,71,59,42,25,42,75,71,71,9.42,3.00,13.60,6.00,1.21,1.08,1.30,1.91,2.60,1.75,1.97,Haugesund Stadion
1748798100,Jun 01 2025 - 5:15pm,complete,N/A,Molde,Viking,N/A,9,1.00,2.40,1.67,2.20,0,1,1,1,0,1,"","3",7,4,2,0,2,0,1,1,0,2,9,15,0,3,9,12,14,14,69,31,1.72,1.78,1.02,1.45,3.55,65,78,65,53,30,43,90,65,88,13.00,4.05,2.68,3.84,2.30,1.10,1.47,2.05,3.56,1.37,2.80,Aker Stadion
1750521600,Jun 21 2025 - 4:00pm,complete,N/A,FK Bodo - Glimt,Brann,N/A,10,2.25,2.25,2.47,1.53,3,0,3,2,2,0,"5,40,47","",9,2,1,0,0,0,0,1,0,0,13,8,5,3,8,5,9,12,47,53,2.06,1.82,0.00,0.00,3.75,38,100,88,38,25,50,75,75,100,13.00,3.00,1.35,4.50,5.95,1.06,1.32,2.14,3.00,1.44,2.62,Aspmyra Stadion
1750595400,Jun 22 2025 - 12:30pm,complete,N/A,Vålerenga,Molde,N/A,10,1.00,1.40,1.87,0.93,2,3,5,3,2,1,"23,42","80,84,7",5,7,1,0,3,0,0,1,0,3,11,21,7,9,4,12,13,9,42,58,2.04,1.21,1.55,2.28,2.95,48,90,65,25,13,55,90,35,68,9.40,5.25,2.98,3.70,2.32,1.22,1.60,2.61,4.33,1.53,2.50,Intility Arena
1750604400,Jun 22 2025 - 3:00pm,complete,N/A,Sarpsborg 08,Bryne,N/A,10,1.00,0.75,1.27,0.60,1,1,2,2,1,1,"30","20",3,2,1,0,0,0,0,1,0,0,6,10,3,4,3,6,10,14,51,49,1.77,1.00,1.01,1.20,3.13,50,88,63,38,25,25,88,50,100,8.75,3.25,1.70,3.75,3.75,1.17,1.54,2.36,4.00,1.69,2.40,Sarpsborg Stadion
1750604400,Jun 22 2025 - 3:00pm,complete,N/A,HamKam,Tromsø,N/A,10,1.75,1.75,1.60,1.73,1,3,4,2,0,2,"49","21,26,47",6,2,0,0,2,0,0,0,1,1,11,6,4,4,7,2,11,15,54,46,1.23,1.05,1.37,0.85,3.75,75,75,75,50,25,50,75,50,88,5.00,4.00,3.25,3.40,2.15,1.24,1.83,3.02,6.40,1.68,2.10,Briskeby Arena
1750604400,Jun 22 2025 - 3:00pm,complete,N/A,Sandefjord,Haugesund,N/A,10,3.00,0.00,2.27,0.27,4,0,4,1,1,0,"8,58,64,86","",3,8,1,0,0,0,0,1,0,0,11,17,8,6,3,11,16,9,48,52,1.74,0.86,1.66,1.96,3.13,55,80,68,33,23,58,100,43,80,6.50,3.70,1.35,5.35,7.00,1.16,1.48,2.31,3.70,1.73,2.03,Komplett Arena
1750604400,Jun 22 2025 - 3:00pm,complete,N/A,Kristiansund,Rosenborg,N/A,10,0.75,2.00,1.27,1.00,4,1,5,4,3,1,"21,33,35,84","45'3",3,9,3,0,2,0,1,2,0,2,15,12,9,5,6,7,9,9,48,52,1.34,1.30,1.90,1.59,1.98,23,65,33,10,0,23,53,23,90,10.45,4.10,3.15,3.50,2.10,1.13,1.57,2.42,4.50,1.50,2.50,Kristiansund Stadion
1750604400,Jun 22 2025 - 3:00pm,complete,N/A,KFUM,Strømsgodset,N/A,10,0.75,1.50,1.33,0.67,5,0,5,0,0,0,"59,53,70,82,90'2","",6,2,2,0,3,0,1,1,1,2,15,10,7,2,8,8,6,11,59,41,1.05,1.60,1.89,0.98,3.88,75,88,88,75,38,63,88,88,100,11.50,3.25,1.97,3.70,3.35,1.20,1.68,2.70,5.00,1.62,2.14,KFUM Arena
1750612500,Jun 22 2025 - 5:15pm,complete,N/A,Viking,Fredrikstad,N/A,10,2.33,1.00,2.53,1.13,3,0,3,1,1,0,"7,60,80","",6,6,2,0,1,0,0,2,0,1,12,13,4,2,8,11,12,7,43,57,2.39,1.16,1.34,1.32,3.29,54,54,54,54,29,29,59,54,67,16.50,3.00,1.46,4.66,6.65,1.20,1.60,2.55,4.60,1.73,1.95,N/A
1751126400,Jun 28 2025 - 4:00pm,complete,N/A,Rosenborg,Viking,N/A,11,2.00,2.50,1.80,2.20,1,1,2,1,0,1,"70","29",9,5,2,0,3,0,1,1,1,2,10,10,4,4,6,6,7,11,55,45,1.87,1.72,1.29,1.28,2.75,50,59,42,34,25,25,67,59,67,13.83,3.16,2.25,3.66,2.58,1.18,1.52,2.46,3.70,1.44,2.50,Lerkendal Stadion
1751200200,Jun 29 2025 - 12:30pm,complete,N/A,Haugesund,Kristiansund,N/A,11,0.20,1.43,0.33,1.07,0,0,0,0,0,0,"","",5,4,0,0,2,0,0,0,0,2,9,8,3,1,6,7,4,9,55,45,1.13,1.15,1.17,0.88,3.32,53,83,66,52,35,35,73,69,76,8.60,4.00,3.29,3.77,2.10,1.19,1.64,2.40,4.90,1.53,2.46,Haugesund Stadion
1751209200,Jun 29 2025 - 3:00pm,complete,N/A,Bryne,HamKam,N/A,11,1.80,0.80,1.47,0.87,1,1,2,1,0,1,"46","20",10,5,3,0,2,0,0,3,0,2,15,14,7,4,8,10,14,12,64,36,1.47,1.23,1.80,1.45,3.40,40,90,70,40,20,50,100,60,70,7.20,3.60,1.71,3.40,3.90,1.21,1.85,2.80,4.70,1.73,2.15,Bryne Stadion
1751209200,Jun 29 2025 - 3:00pm,complete,N/A,Fredrikstad,Tromsø,N/A,11,2.17,2.00,1.67,1.73,0,1,1,1,0,1,"","9",8,3,1,0,1,0,0,1,0,1,11,7,4,4,7,3,9,6,57,43,1.20,1.01,1.44,0.97,3.27,57,82,57,49,10,37,82,49,84,6.37,3.37,2.40,3.20,2.92,1.33,2.20,3.87,8.70,1.90,1.78,Nye Fredrikstad Stadion
1751209200,Jun 29 2025 - 3:00pm,complete,N/A,Molde,KFUM,N/A,11,0.80,0.40,1.67,1.00,2,3,5,2,0,2,"49,71","34,41,56",4,0,2,0,1,0,2,0,1,0,11,6,3,4,8,2,16,16,63,37,1.58,1.05,1.25,0.81,2.10,40,60,40,20,0,20,70,50,60,11.00,4.20,1.91,3.45,3.80,1.30,1.85,3.50,6.50,1.82,2.00,Aker Stadion
1751209200,Jun 29 2025 - 3:00pm,complete,N/A,FK Bodo - Glimt,Sarpsborg 08,N/A,11,2.40,1.80,2.47,1.47,1,2,3,2,1,1,"34","90'4,37",10,2,0,0,1,0,0,0,1,0,29,11,5,6,24,5,5,10,65,35,2.06,1.55,3.26,1.25,3.10,40,90,70,40,10,50,70,60,90,11.00,2.20,1.15,6.90,10.50,1.06,1.30,1.78,2.74,1.61,2.17,Aspmyra Stadion
1751217300,Jun 29 2025 - 5:15pm,complete,N/A,Strømsgodset,Vålerenga,N/A,11,0.00,1.17,0.67,0.87,0,2,2,1,0,1,"","39,46",4,3,0,0,0,0,0,0,0,0,4,16,1,3,3,13,13,8,35,65,1.81,1.11,0.51,1.65,2.49,55,92,57,0,0,9,75,57,100,13.83,4.53,2.72,3.55,2.45,1.15,1.50,2.20,3.50,1.55,2.75,Marienlyst Stadion
1751302800,Jun 30 2025 - 5:00pm,complete,N/A,Brann,Sandefjord,N/A,11,2.00,0.60,2.20,0.93,1,0,1,0,0,0,"89","",9,3,1,0,2,0,1,0,1,1,25,7,9,2,16,5,8,12,60,40,1.89,1.53,2.69,0.80,3.59,76,83,83,69,25,52,73,66,76,12.00,3.83,1.62,4.50,4.65,1.13,1.43,2.15,3.36,1.45,2.55,Brann Stadion
1751716800,Jul 05 2025 - 12:00pm,complete,N/A,HamKam,Brann,N/A,12,1.40,1.80,1.60,1.53,1,1,2,1,1,0,"34","83",1,8,0,0,0,0,0,0,0,0,9,14,4,5,5,9,13,11,36,64,1.25,1.82,1.15,1.77,3.40,60,90,80,30,20,70,80,50,90,9.00,2.80,3.70,3.75,1.90,1.20,1.54,2.55,4.40,1.57,2.40,Briskeby Arena
1751724000,Jul 05 2025 - 2:00pm,complete,N/A,Viking,Strømsgodset,N/A,12,2.43,1.20,2.53,0.67,1,0,1,1,1,0,"38","",16,2,0,0,0,0,0,0,0,0,20,2,5,1,15,1,11,8,66,34,2.24,1.48,2.43,0.33,4.37,66,93,93,76,55,35,76,93,93,17.29,2.77,1.16,7.25,8.50,1.05,1.28,1.70,2.55,1.62,2.15,N/A
1751731200,Jul 05 2025 - 4:00pm,complete,N/A,Vålerenga,Fredrikstad,N/A,12,0.80,0.80,1.87,1.13,1,1,2,2,1,1,"45","4",5,5,0,0,3,0,0,0,2,1,16,16,5,7,11,9,6,15,57,43,1.94,1.20,1.73,1.84,3.10,50,70,50,40,30,40,80,50,70,10.60,3.40,2.16,3.54,3.58,1.27,1.80,3.00,5.75,1.70,2.10,Intility Arena
1751738400,Jul 05 2025 - 6:00pm,complete,N/A,Kristiansund,FK Bodo - Glimt,N/A,12,1.20,1.75,1.27,2.20,1,1,2,1,0,1,"90'7","9",4,7,1,0,2,1,1,0,0,3,8,20,2,6,6,14,8,12,41,59,1.45,1.57,0.95,2.34,2.70,45,68,58,35,10,33,70,48,88,11.30,2.80,6.70,5.10,1.43,1.05,1.32,1.93,3.00,1.48,2.52,N/A
1751745600,Jul 05 2025 - 8:00pm,complete,N/A,Tromsø,Molde,N/A,12,1.80,1.67,2.07,0.93,1,0,1,0,0,0,"80","",2,2,3,0,1,1,2,1,2,0,16,2,3,0,13,2,15,10,56,44,1.60,1.39,1.34,0.29,2.72,47,72,72,19,19,34,72,47,74,10.83,5.40,2.20,3.52,2.80,1.25,1.75,2.95,5.50,1.62,2.10,N/A
1751805000,Jul 06 2025 - 12:30pm,complete,N/A,Sandefjord,Rosenborg,N/A,12,3.00,1.67,2.27,1.00,2,0,2,2,2,0,"27,39","",2,3,2,0,3,0,1,1,0,3,14,12,6,3,8,9,11,13,55,45,1.72,1.35,1.65,1.21,3.04,37,92,65,37,19,47,92,29,92,9.23,3.90,2.24,3.65,2.80,1.15,1.57,2.50,4.20,1.49,2.50,Komplett Arena
1751805000,Jul 06 2025 - 12:30pm,complete,N/A,KFUM,Bryne,N/A,12,1.20,0.80,1.33,0.60,1,1,2,0,0,0,"79","53",7,2,2,0,0,1,0,2,0,1,14,7,3,3,11,4,12,4,69,31,1.22,1.04,1.85,0.79,3.30,60,90,70,50,20,60,80,60,90,7.00,4.00,1.73,3.66,4.40,1.30,1.95,3.00,7.35,1.79,1.93,KFUM Arena
1751805000,Jul 06 2025 - 12:30pm,complete,N/A,Sarpsborg 08,Haugesund,N/A,12,1.00,0.00,1.27,0.27,3,1,4,1,0,1,"46,75,85","6",19,1,1,0,1,0,0,1,0,1,19,12,6,6,13,6,11,19,61,39,1.62,1.04,2.24,1.36,2.99,55,74,54,45,19,27,90,54,74,8.63,3.03,1.37,5.00,7.20,1.10,1.36,1.91,3.00,1.55,2.30,Sarpsborg Stadion
1752328800,Jul 12 2025 - 2:00pm,complete,N/A,FK Bodo - Glimt,Sandefjord,N/A,13,2.00,0.50,2.47,0.93,2,0,2,0,0,0,"59,68","",4,1,0,0,4,0,0,0,3,1,24,4,5,1,19,3,6,14,62,38,2.30,1.41,2.51,0.44,3.42,50,84,84,50,17,59,67,50,92,11.33,3.33,1.22,6.00,8.00,1.09,1.33,1.80,2.88,1.54,2.25,Aspmyra Stadion
1752336000,Jul 12 2025 - 4:00pm,complete,N/A,Fredrikstad,Molde,N/A,13,1.86,1.43,1.67,0.93,4,2,6,1,0,1,"81,85,88,90'9","4,63",7,4,1,0,3,0,1,0,1,2,13,11,6,6,7,5,5,8,43,57,1.24,1.23,1.74,1.34,2.36,29,71,50,14,7,43,79,22,64,9.14,4.00,2.52,3.30,2.72,1.32,2.05,3.45,6.65,1.80,1.90,Nye Fredrikstad Stadion
1752409800,Jul 13 2025 - 12:30pm,complete,N/A,Bryne,Vålerenga,N/A,13,1.67,1.43,1.47,0.87,1,0,1,0,0,0,"76","",6,2,2,0,1,0,0,2,1,0,15,12,6,4,9,8,11,10,50,50,1.52,1.19,1.72,1.44,2.91,55,85,48,25,17,41,79,40,84,10.43,3.83,2.60,3.25,2.45,1.22,1.75,2.74,5.00,1.62,2.20,Bryne Stadion
1752418800,Jul 13 2025 - 3:00pm,complete,N/A,Kristiansund,Sarpsborg 08,N/A,13,1.17,2.00,1.27,1.47,0,0,0,0,0,0,"","",4,12,1,1,3,0,1,1,1,2,6,32,3,9,3,23,3,6,31,69,1.37,1.50,0.75,3.60,2.42,59,75,42,25,9,42,59,34,92,8.34,2.67,2.60,3.60,2.28,1.07,1.42,2.00,3.30,1.38,2.80,Kristiansund Stadion
1752418800,Jul 13 2025 - 3:00pm,complete,N/A,Rosenborg,HamKam,N/A,13,1.86,0.83,1.80,0.87,2,0,2,2,2,0,"15,45'8","",9,6,0,0,2,0,0,0,0,2,10,11,5,0,5,11,6,12,53,47,1.79,1.27,1.36,1.05,2.12,38,79,32,9,0,9,79,47,70,11.07,3.43,0.00,0.00,0.00,1.20,1.64,2.55,5.00,1.70,2.03,Lerkendal Stadion
1752418800,Jul 13 2025 - 3:00pm,complete,N/A,Strømsgodset,Tromsø,N/A,13,0.00,2.17,0.67,1.73,2,3,5,3,1,2,"42,68","9,14,90'6",4,4,1,0,0,0,1,0,0,0,10,20,3,9,7,11,12,8,42,58,1.59,1.00,1.11,2.41,3.17,59,84,67,34,9,17,92,67,92,9.66,3.83,3.50,3.55,2.08,1.23,1.85,2.62,4.90,1.62,2.15,Marienlyst Stadion
1752418800,Jul 13 2025 - 3:00pm,complete,N/A,Haugesund,KFUM,N/A,13,0.33,0.83,0.33,1.00,0,2,2,1,0,1,"","43,86",3,11,0,0,1,0,0,0,0,1,9,16,4,4,5,12,11,5,54,46,1.13,1.01,1.15,1.66,2.59,34,67,50,42,25,33,50,67,67,7.83,3.50,4.40,3.50,1.81,1.28,2.16,3.60,7.00,1.91,1.77,Haugesund Stadion
1752426900,Jul 13 2025 - 5:15pm,complete,N/A,Brann,Viking,N/A,13,2.13,2.29,2.20,2.20,3,1,4,2,2,0,"18,28,77","90'2",5,2,2,1,4,0,0,3,1,3,16,8,4,3,12,5,12,14,44,56,1.99,1.66,1.67,1.11,3.48,67,73,66,54,34,41,81,60,81,14.42,3.38,2.21,3.40,2.98,1.18,1.60,2.45,4.00,1.50,2.45,Brann Stadion
1752681600,Jul 16 2025 - 4:00pm,complete,N/A,Fredrikstad,FK Bodo - Glimt,N/A,5,2.00,1.60,1.67,2.20,0,1,1,0,0,0,"","87",3,8,0,0,1,0,0,0,0,1,9,25,3,6,6,19,11,9,26,74,1.30,1.72,1.09,2.66,2.72,49,78,49,33,7,23,94,43,72,11.60,2.53,5.00,4.25,1.62,1.17,1.57,2.55,4.50,1.55,2.20,Nye Fredrikstad Stadion
1752854400,Jul 18 2025 - 4:00pm,complete,N/A,Sarpsborg 08,Rosenborg,N/A,14,1.33,1.43,1.27,1.00,2,2,4,3,1,2,"20,87","5,34",4,1,2,0,5,0,1,1,1,4,16,13,7,4,9,9,15,15,53,47,1.73,1.33,1.89,1.45,2.79,48,85,47,40,16,30,85,32,77,12.60,3.74,2.45,3.60,2.53,1.18,1.55,2.50,4.71,1.56,2.38,Sarpsborg Stadion
1752926400,Jul 19 2025 - 12:00pm,complete,N/A,KFUM,Brann,N/A,14,1.17,1.67,1.33,1.53,2,0,2,2,2,0,"45,31","",4,11,1,1,4,1,0,2,0,5,10,14,3,0,7,14,9,14,45,55,1.32,1.81,1.19,1.36,3.25,59,92,67,42,17,50,67,67,100,10.33,3.50,2.62,3.35,2.58,1.26,1.90,3.46,7.50,1.67,2.08,KFUM Arena
1752933600,Jul 19 2025 - 2:00pm,complete,N/A,Molde,Strømsgodset,N/A,14,0.67,1.00,1.67,0.67,4,1,5,4,3,1,"11,20,41,51","37",6,5,2,0,0,0,0,2,0,0,13,5,4,2,9,3,9,5,62,38,1.53,1.29,1.63,0.69,3.34,50,75,67,50,42,33,92,67,75,12.00,3.17,1.41,4.75,7.14,1.08,1.40,1.97,3.50,1.49,2.25,Aker Stadion
1752940800,Jul 19 2025 - 4:00pm,complete,N/A,Viking,FK Bodo - Glimt,N/A,14,2.50,1.83,2.53,2.20,2,4,6,5,2,3,"6,22","1,14,38,70",4,4,0,0,3,0,0,0,0,3,13,16,5,8,8,8,14,15,36,64,2.26,1.88,1.35,1.95,3.13,57,71,63,48,13,21,79,63,79,17.83,2.71,3.15,3.90,2.08,1.14,1.44,2.15,3.40,1.40,2.70,N/A
1753014600,Jul 20 2025 - 12:30pm,complete,N/A,Vålerenga,Haugesund,N/A,14,0.83,0.00,1.87,0.27,3,0,3,0,0,0,"64,90'1,84","",10,7,1,0,3,0,0,1,0,3,30,8,13,4,17,4,11,13,49,51,1.90,1.09,3.22,1.00,3.40,70,86,61,54,24,48,100,61,69,8.43,3.38,1.30,5.00,7.70,1.11,1.44,2.16,3.45,1.65,2.12,Intility Arena
1753023600,Jul 20 2025 - 3:00pm,complete,N/A,Sandefjord,Kristiansund,N/A,14,3.00,1.38,2.27,1.07,6,0,6,4,4,0,"22,8,39,45,67,86","",6,7,1,0,0,0,0,1,0,0,15,10,6,3,9,7,9,5,70,30,1.71,1.12,1.71,1.01,3.09,54,88,65,36,21,46,88,42,73,8.05,3.50,1.49,4.60,5.70,1.08,1.40,2.35,4.20,1.53,2.30,Komplett Arena
1753023600,Jul 20 2025 - 3:00pm,complete,N/A,Tromsø,Bryne,N/A,14,2.00,0.83,2.07,0.60,3,1,4,1,1,0,"45'1,58,55","52",5,3,1,0,3,0,1,0,2,1,12,10,6,6,6,4,9,7,52,48,1.56,1.00,1.60,1.31,2.58,59,75,50,17,17,25,67,50,83,8.33,4.17,1.55,3.97,5.90,1.25,1.88,3.10,6.00,1.97,1.85,N/A
1753031700,Jul 20 2025 - 5:15pm,complete,N/A,HamKam,Fredrikstad,N/A,14,1.33,0.83,1.60,1.13,1,1,2,1,1,0,"12","90'2",9,4,0,0,1,0,0,0,0,1,12,12,2,6,10,6,13,11,44,56,1.24,1.30,1.19,1.58,2.75,58,67,50,25,17,50,75,33,67,8.50,2.84,2.86,3.20,2.64,1.38,2.05,3.70,6.50,1.72,1.97,Briskeby Arena
1753462800,Jul 25 2025 - 5:00pm,complete,N/A,Fredrikstad,Strømsgodset,N/A,15,1.78,0.86,1.67,0.67,3,2,5,3,2,1,"45'4,14,88","39,74",7,1,1,0,1,0,0,1,1,0,21,10,5,4,16,6,12,9,55,45,1.28,1.20,2.24,1.09,3.29,45,77,60,47,41,33,82,47,77,10.78,1.86,1.65,4.25,5.10,1.18,1.57,2.30,4.05,1.61,2.40,Nye Fredrikstad Stadion
1753538400,Jul 26 2025 - 2:00pm,complete,N/A,Haugesund,HamKam,N/A,15,0.29,0.71,0.33,0.87,0,3,3,2,0,2,"","28,23,55",5,8,0,0,0,0,0,0,0,0,11,10,4,4,7,6,10,8,49,51,1.14,1.24,1.31,1.26,2.57,22,86,43,29,15,29,79,50,71,7.57,3.43,3.20,3.35,2.18,1.28,1.72,2.87,5.75,1.62,2.10,Haugesund Stadion
1753538400,Jul 26 2025 - 2:00pm,complete,N/A,Kristiansund,KFUM,N/A,15,1.14,1.14,1.27,1.00,0,5,5,2,0,2,"","3,25,90'1,87,72",3,3,3,0,1,0,1,2,1,0,6,14,1,7,5,7,15,12,55,45,1.28,1.10,0.77,1.58,2.22,43,64,36,22,14,29,50,36,79,9.57,3.57,3.90,3.65,1.75,1.25,1.72,3.00,5.00,1.60,2.15,N/A
1753538400,Jul 26 2025 - 2:00pm,complete,N/A,Sandefjord,Sarpsborg 08,N/A,15,3.00,1.86,2.27,1.47,3,2,5,2,2,0,"27,45'5,90'14","64,82",4,5,4,0,4,0,0,4,2,2,23,14,10,7,13,7,11,10,56,44,1.71,1.80,2.40,1.68,2.86,43,86,57,36,15,57,79,43,79,8.43,2.72,1.85,3.75,3.00,1.12,1.40,1.93,3.42,1.38,2.80,Komplett Arena
1753545600,Jul 26 2025 - 4:00pm,complete,N/A,FK Bodo - Glimt,Vålerenga,N/A,15,2.14,1.25,2.47,0.87,7,2,9,3,2,1,"4,25,61,72,78,87,49","7,52",6,1,0,0,0,0,0,0,0,0,23,5,13,2,10,3,13,9,64,36,2.33,1.22,2.94,0.71,2.72,34,88,56,15,7,35,61,41,100,12.00,2.74,1.27,6.53,8.87,1.03,1.24,1.62,2.47,1.55,2.25,Aspmyra Stadion
1753619400,Jul 27 2025 - 12:30pm,complete,N/A,Rosenborg,Tromsø,N/A,15,2.00,2.29,1.80,1.73,4,1,5,2,2,0,"38,29,54,90'2","64",4,7,2,0,3,1,1,1,1,3,11,8,5,2,6,6,12,20,48,52,1.74,1.20,1.28,0.98,2.75,55,67,42,36,15,28,75,55,68,10.32,2.96,2.15,3.30,3.30,1.28,1.88,2.85,4.90,1.70,2.18,Lerkendal Stadion
1753619400,Jul 27 2025 - 12:30pm,complete,N/A,Bryne,Viking,N/A,15,1.86,2.00,1.47,2.20,1,3,4,1,0,1,"86","3,50,64",2,5,2,0,2,0,2,0,0,2,13,9,5,5,8,4,15,16,48,52,1.55,1.59,1.49,1.28,3.52,66,73,60,53,34,54,87,53,80,10.89,4.11,3.90,3.85,1.80,1.16,1.57,2.25,3.70,1.52,2.53,Bryne Stadion
1753894800,Jul 30 2025 - 5:00pm,complete,N/A,FK Bodo - Glimt,Strømsgodset,N/A,6,2.25,0.75,2.47,0.67,1,0,1,1,1,0,"13","",8,1,0,0,1,0,0,0,0,1,19,8,5,2,14,6,4,10,70,30,2.42,1.19,2.30,0.77,4.19,51,94,88,57,50,57,82,69,94,12.26,1.63,1.04,9.50,18.00,1.01,1.18,1.46,1.93,1.80,1.91,Aspmyra Stadion
1754143200,Aug 02 2025 - 2:00pm,complete,N/A,Tromsø,Fredrikstad,N/A,16,2.14,0.86,2.07,1.13,0,0,0,0,0,0,"","",1,5,0,0,4,0,0,0,1,3,12,12,5,3,7,9,14,15,55,45,1.56,1.34,1.52,1.22,2.43,50,57,43,22,14,15,64,43,72,10.58,3.86,1.78,3.40,3.80,1.20,1.74,3.00,5.00,1.62,1.93,N/A
1754150400,Aug 02 2025 - 4:00pm,complete,N/A,Sarpsborg 08,Brann,N/A,16,1.29,1.43,1.27,1.53,1,4,5,1,0,1,"51","42,65,79,84",3,14,1,0,0,0,0,1,0,0,13,31,4,11,9,20,9,12,34,66,1.75,1.73,1.39,3.46,3.07,57,93,57,36,14,43,86,43,86,13.42,3.00,2.74,3.60,2.37,1.14,1.44,2.18,3.64,1.42,2.62,Sarpsborg Stadion
1754224200,Aug 03 2025 - 12:30pm,complete,N/A,HamKam,FK Bodo - Glimt,N/A,16,1.29,2.00,1.60,2.20,1,3,4,2,0,2,"63","2,44,66",5,9,2,0,0,0,1,1,0,0,9,14,4,5,5,9,11,7,35,65,1.23,1.89,1.01,1.71,3.00,72,79,57,36,14,43,86,36,86,10.29,2.57,8.00,5.95,1.36,1.08,1.44,2.02,3.30,1.71,2.04,Briskeby Arena
1754233200,Aug 03 2025 - 3:00pm,complete,N/A,Strømsgodset,Haugesund,N/A,16,0.00,0.00,0.67,0.27,2,0,2,1,1,0,"31,76","",5,4,1,0,0,0,1,0,0,0,22,6,11,3,11,3,10,12,57,43,1.52,1.08,2.55,0.89,3.13,54,88,73,32,14,20,94,73,88,10.74,3.59,1.32,5.49,6.50,1.08,1.42,2.08,3.85,1.55,2.30,Marienlyst Stadion
1754233200,Aug 03 2025 - 3:00pm,complete,N/A,Molde,Bryne,N/A,16,1.00,0.71,1.67,0.60,2,0,2,0,0,0,"60,74","",14,2,2,0,0,0,1,1,0,0,17,8,6,2,11,6,9,12,67,33,1.54,1.04,1.96,0.91,3.00,64,86,57,36,22,43,93,50,79,8.86,4.00,1.60,4.00,5.25,1.14,1.58,2.53,4.20,1.62,2.10,Aker Stadion
1754233200,Aug 03 2025 - 3:00pm,complete,N/A,Vålerenga,Sandefjord,N/A,16,1.14,0.43,1.87,0.93,2,1,3,0,0,0,"53,81","90'3",7,11,0,0,2,0,0,0,0,2,16,18,5,6,11,12,16,15,39,61,2.09,1.27,1.70,1.91,3.22,64,86,57,50,22,50,65,57,79,9.14,4.14,2.12,3.70,3.35,1.11,1.44,2.13,3.32,1.37,2.62,Intility Arena
1754233200,Aug 03 2025 - 3:00pm,complete,N/A,KFUM,Rosenborg,N/A,16,1.43,1.38,1.33,1.00,4,1,5,1,1,0,"16,73,90,76","53",3,3,2,0,1,0,1,1,0,1,12,4,5,2,7,2,15,10,58,42,1.30,1.34,1.47,0.72,2.95,48,87,54,48,14,54,73,42,81,9.17,5.17,2.46,3.45,2.98,1.33,2.07,3.78,8.08,1.80,1.93,KFUM Arena
1754748000,Aug 09 2025 - 2:00pm,complete,N/A,Molde,HamKam,N/A,17,1.25,1.00,1.67,0.87,1,0,1,1,1,0,"22","",10,2,0,0,0,0,0,0,0,0,23,8,7,3,16,5,10,13,54,46,1.59,1.24,2.25,0.99,2.76,38,88,50,26,13,38,94,44,75,11.26,3.88,1.40,5.20,7.75,1.18,1.52,2.45,4.33,1.73,2.00,Aker Stadion
1754759700,Aug 09 2025 - 5:15pm,complete,N/A,FK Bodo - Glimt,Tromsø,N/A,17,2.33,2.00,2.47,1.73,1,1,2,2,1,1,"22","45'1",12,3,0,0,1,0,0,0,0,1,11,5,2,3,9,2,8,7,62,38,2.40,1.18,1.33,0.70,3.89,54,82,77,54,30,53,83,66,89,10.13,2.80,1.40,4.60,6.00,1.14,1.46,1.93,3.40,1.62,2.20,Aspmyra Stadion
1754838000,Aug 10 2025 - 3:00pm,complete,N/A,Bryne,KFUM,N/A,17,1.63,1.38,1.47,1.00,0,0,0,0,0,0,"","",2,2,1,0,2,0,1,0,1,1,5,5,2,2,3,3,14,9,45,55,1.54,1.16,0.76,0.80,3.07,51,75,57,44,25,44,76,57,75,9.50,3.51,3.10,3.10,2.30,1.51,2.38,4.89,9.50,2.10,1.75,Bryne Stadion
1754838000,Aug 10 2025 - 3:00pm,complete,N/A,Haugesund,Sarpsborg 08,N/A,17,0.25,1.63,0.33,1.47,3,2,5,0,0,0,"51,76,90'1","90'3,84",2,11,3,0,1,1,1,2,0,2,7,29,5,6,2,23,16,11,39,61,1.16,1.79,0.99,2.83,2.57,38,75,50,38,19,44,63,50,75,8.76,2.88,4.50,4.25,1.53,1.13,1.40,2.13,3.40,1.56,2.29,Haugesund Stadion
1754846100,Aug 10 2025 - 5:15pm,complete,N/A,Sandefjord,Viking,N/A,17,3.00,2.11,2.27,2.20,1,2,3,1,1,0,"26","50,90'2",0,5,1,0,2,0,0,1,1,1,8,10,2,4,6,6,14,23,53,47,1.80,1.56,0.81,1.27,3.77,58,89,71,59,36,60,95,59,89,9.30,3.97,2.55,3.80,2.50,1.13,1.35,2.03,3.30,1.37,2.80,Komplett Arena
1755277200,Aug 15 2025 - 5:00pm,complete,N/A,Strømsgodset,FK Bodo - Glimt,N/A,18,0.38,2.13,0.67,2.20,0,5,5,3,0,3,"","59,10,45,84,39",1,16,1,1,0,0,2,0,0,0,1,30,1,12,0,18,5,5,24,76,1.65,1.87,0.23,4.01,3.01,57,88,63,32,13,26,94,57,94,13.38,3.01,7.90,5.90,1.35,1.09,1.29,1.75,2.60,1.62,2.50,Marienlyst Stadion
1755433800,Aug 17 2025 - 12:30pm,complete,N/A,Tromsø,Brann,N/A,18,2.00,1.63,2.07,1.53,1,2,3,1,1,0,"38","63,75",4,4,2,0,3,0,2,0,0,3,12,10,4,2,8,8,15,10,46,54,1.56,1.98,1.36,1.18,2.75,50,75,57,25,19,25,69,50,82,12.38,3.50,2.28,3.55,2.85,1.21,1.65,2.45,5.00,1.63,2.33,N/A
1755442800,Aug 17 2025 - 3:00pm,complete,N/A,HamKam,Bryne,N/A,18,1.13,0.63,1.60,0.60,1,0,1,0,0,0,"61","",5,2,2,0,3,0,1,1,0,3,11,5,5,3,6,2,13,22,49,51,1.20,1.03,1.42,0.76,3.01,76,94,57,32,13,51,82,51,88,6.88,2.76,2.50,3.05,2.50,1.33,2.02,2.85,7.00,1.75,1.90,Briskeby Arena
1755442800,Aug 17 2025 - 3:00pm,complete,N/A,KFUM,Molde,N/A,18,1.63,1.25,1.33,0.93,0,0,0,0,0,0,"","",7,2,3,0,2,0,1,2,0,2,17,3,5,0,12,3,16,9,43,57,1.32,1.24,1.79,0.46,3.19,51,82,69,44,25,50,69,57,82,8.51,5.13,2.70,3.25,2.26,1.29,1.99,3.25,7.00,1.83,1.93,KFUM Arena
1755442800,Aug 17 2025 - 3:00pm,complete,N/A,Kristiansund,Sandefjord,N/A,18,1.00,0.38,1.27,0.93,2,2,4,0,0,0,"81,88","48,53",8,7,3,0,3,0,0,3,1,2,16,19,7,8,9,11,13,8,34,66,1.21,1.35,1.78,2.11,2.69,51,69,51,38,19,38,44,44,88,8.76,4.50,2.90,3.95,2.12,1.15,1.50,2.15,3.70,1.44,2.63,Kristiansund Stadion
1755450900,Aug 17 2025 - 5:15pm,complete,N/A,Vålerenga,Sarpsborg 08,N/A,18,1.38,1.44,1.87,1.47,4,0,4,2,2,0,"18,42,77,75","",5,6,1,0,2,0,0,1,0,2,18,11,8,2,10,9,9,11,49,51,2.04,1.90,2.19,1.26,3.08,71,89,60,41,24,47,66,60,77,11.44,3.16,1.78,4.30,3.85,1.12,1.36,2.15,3.00,1.44,2.70,Intility Arena
1755882000,Aug 22 2025 - 5:00pm,complete,N/A,KFUM,HamKam,N/A,19,1.56,0.89,1.33,0.87,2,2,4,1,0,1,"48,64","14,88",2,1,1,0,2,0,0,1,0,2,12,5,4,4,8,1,8,10,59,41,1.38,1.21,1.54,0.82,2.72,39,84,50,34,11,39,78,50,73,8.55,3.89,1.49,3.71,6.00,1.40,2.34,4.33,8.00,2.27,1.57,KFUM Arena
1756038600,Aug 24 2025 - 12:30pm,complete,N/A,Haugesund,Vålerenga,N/A,19,0.56,1.11,0.33,0.87,2,3,5,2,1,1,"11,56","33,68,71",3,1,3,0,2,0,1,2,0,2,9,13,6,7,3,6,10,14,49,51,1.14,1.16,1.21,1.71,2.84,33,78,45,28,22,28,56,45,89,8.23,3.11,5.60,4.45,1.53,1.16,1.50,2.20,3.80,1.60,2.21,Haugesund Stadion
1756047600,Aug 24 2025 - 3:00pm,complete,N/A,Bryne,Strømsgodset,N/A,19,1.56,0.67,1.47,0.67,2,2,4,1,0,1,"67,72","18,53",11,9,2,0,1,0,1,1,1,0,21,12,8,6,13,6,15,10,59,41,1.46,1.14,2.49,1.50,3.45,56,73,67,56,45,44,84,56,73,9.33,2.67,1.72,3.55,4.20,1.22,1.83,2.62,6.32,1.63,2.10,Bryne Stadion
1756055700,Aug 24 2025 - 5:15pm,complete,N/A,Molde,Tromsø,N/A,19,1.44,1.89,1.67,1.73,2,0,2,1,1,0,"73,27","",4,9,2,0,2,0,1,1,2,0,6,11,3,2,3,9,12,19,44,56,1.67,1.12,0.81,1.16,3.23,61,73,56,50,28,45,89,56,73,10.33,3.89,2.09,3.40,3.20,1.22,1.80,3.00,5.75,1.73,1.98,Aker Stadion
1756141200,Aug 25 2025 - 5:00pm,complete,N/A,Sarpsborg 08,Kristiansund,N/A,19,1.13,1.22,1.27,1.07,0,1,1,1,0,1,"","38",10,3,2,0,2,0,1,1,1,1,9,12,2,4,7,8,19,10,56,44,1.70,1.10,1.08,1.36,3.36,71,83,65,54,29,29,83,53,78,11.36,3.03,1.70,4.00,3.90,1.12,1.38,1.95,3.30,1.46,2.84,Sarpsborg Stadion
1756569600,Aug 30 2025 - 4:00pm,complete,N/A,Vålerenga,Bryne,N/A,20,1.56,0.56,1.87,0.60,3,2,5,4,3,1,"8,3,28","52,45'7",10,1,2,0,2,0,1,1,0,2,17,15,3,5,14,10,10,13,56,44,2.06,1.00,1.77,1.58,3.06,62,95,56,33,17,45,73,62,84,8.56,3.11,1.50,4.30,5.00,1.21,1.66,2.61,4.60,1.62,2.08,Intility Arena
1756643400,Aug 31 2025 - 12:30pm,complete,N/A,Kristiansund,Brann,N/A,20,1.00,1.78,1.27,1.53,2,2,4,0,0,0,"75,89","67,69",2,8,4,0,2,0,3,1,1,1,8,17,3,6,5,11,13,11,32,68,1.28,1.88,0.97,1.99,2.89,50,84,56,28,22,39,67,45,89,12.00,3.78,4.00,3.85,1.74,1.18,1.55,2.63,4.50,1.54,2.33,Kristiansund Stadion
1756652400,Aug 31 2025 - 3:00pm,complete,N/A,Sandefjord,FK Bodo - Glimt,N/A,20,2.67,2.22,2.27,2.20,1,2,3,0,0,0,"52","51,71",4,8,4,0,2,0,1,3,0,2,8,14,2,2,6,12,8,8,48,52,1.69,2.10,0.94,1.53,3.50,50,89,73,50,28,56,95,56,89,11.00,2.89,5.10,4.60,1.52,1.12,1.36,2.04,3.10,1.50,2.50,Komplett Arena
1756652400,Aug 31 2025 - 3:00pm,complete,N/A,Viking,Rosenborg,N/A,20,2.22,1.22,2.53,1.00,2,1,3,1,1,0,"56,39","85",8,7,3,0,4,0,2,1,1,3,11,14,3,2,8,12,18,18,47,53,2.16,1.27,1.33,1.33,3.50,56,84,67,56,28,39,84,45,78,14.89,3.89,1.98,3.70,3.55,1.14,1.41,2.17,3.50,1.40,2.70,N/A
1756652400,Aug 31 2025 - 3:00pm,complete,N/A,Tromsø,KFUM,N/A,20,1.78,1.33,2.07,1.00,2,0,2,1,1,0,"68,3","",3,5,2,1,0,0,0,3,0,0,5,11,2,3,3,8,13,7,41,59,1.54,1.12,1.02,1.17,2.39,45,62,50,28,17,17,56,56,73,9.11,3.67,1.85,3.25,4.00,1.46,2.38,4.88,10.60,2.10,1.72,N/A
1756652400,Aug 31 2025 - 3:00pm,complete,N/A,Fredrikstad,Haugesund,N/A,20,1.90,0.00,1.67,0.27,2,2,4,4,2,2,"25,2","8,36",5,0,2,0,1,0,1,1,0,1,19,12,3,3,16,9,10,8,56,44,1.37,1.06,1.93,1.16,2.91,42,74,54,37,16,26,85,49,74,8.89,2.67,1.31,5.40,9.20,1.17,1.53,2.46,3.70,1.83,1.84,Nye Fredrikstad Stadion
1756652400,Aug 31 2025 - 3:00pm,complete,N/A,HamKam,Sarpsborg 08,N/A,20,1.33,1.30,1.60,1.47,1,3,4,1,0,1,"63","54,47,37",6,13,0,1,0,0,1,0,0,0,8,19,6,7,2,12,8,11,42,58,1.23,1.84,1.32,2.24,2.90,69,79,58,42,16,53,69,47,85,9.71,3.02,2.29,3.62,2.95,1.25,1.91,2.83,5.75,1.67,2.10,Briskeby Arena
1756660500,Aug 31 2025 - 5:15pm,complete,N/A,Strømsgodset,Molde,N/A,20,0.33,1.22,0.67,0.93,3,1,4,2,2,0,"3,2,69","85",2,6,1,0,4,0,0,1,2,2,16,14,8,3,8,11,16,8,34,66,1.49,1.16,1.85,1.62,2.89,39,84,67,22,22,33,84,50,84,10.11,4.56,3.70,3.75,1.80,1.14,1.50,2.15,4.20,1.44,2.50,Marienlyst Stadion
1757696400,Sep 12 2025 - 5:00pm,complete,N/A,FK Bodo - Glimt,Kristiansund,N/A,21,2.20,1.40,2.47,1.07,7,1,8,3,3,0,"10,40,45,66,71,77,90","85",3,1,0,0,1,0,0,0,0,1,18,9,8,4,10,5,10,10,66,34,2.28,1.13,2.16,0.93,3.35,50,80,65,35,25,45,80,50,70,12.40,2.40,1.15,10.01,12.80,1.06,1.18,1.50,2.53,1.73,2.05,Aspmyra Stadion
1757772000,Sep 13 2025 - 2:00pm,complete,N/A,Molde,Fredrikstad,N/A,21,1.60,0.88,1.67,1.13,1,2,3,2,0,2,"90'2","28,45'6",14,2,3,0,2,0,2,1,0,2,31,11,6,5,25,6,13,9,67,33,1.58,1.33,2.93,1.28,2.30,39,60,33,22,17,28,77,33,60,12.15,3.78,1.75,3.50,4.29,1.26,1.72,2.63,4.60,1.66,2.06,Aker Stadion
1757779200,Sep 13 2025 - 4:00pm,complete,N/A,Brann,Vålerenga,N/A,21,2.22,1.30,2.20,0.87,3,2,5,2,1,1,"14,57,66","8,46",11,4,4,0,2,1,0,4,1,2,17,9,11,4,6,5,14,9,63,37,1.95,1.21,2.33,1.12,3.17,59,79,59,38,21,37,69,54,89,11.98,3.26,1.50,4.82,4.60,1.08,1.40,2.08,3.71,1.50,2.40,Brann Stadion
1757853000,Sep 14 2025 - 12:30pm,complete,N/A,Bryne,Tromsø,N/A,21,1.50,1.70,1.47,1.73,0,2,2,1,0,1,"","9,81",2,5,1,0,0,0,1,0,0,0,4,8,2,4,2,4,8,10,52,48,1.56,1.13,0.69,1.21,3.35,65,75,60,55,25,45,85,55,75,8.80,3.80,3.66,3.40,2.05,1.30,1.98,3.30,7.50,1.80,1.88,Bryne Stadion
1757862000,Sep 14 2025 - 3:00pm,complete,N/A,Sarpsborg 08,Sandefjord,N/A,21,1.00,0.44,1.27,0.93,2,1,3,2,2,0,"8,28","50",3,6,3,0,1,0,1,2,1,0,9,24,5,8,4,16,13,16,35,65,1.63,1.43,1.16,2.65,3.11,67,78,62,56,17,28,61,56,84,11.34,3.89,1.99,3.90,2.80,1.14,1.39,2.24,3.45,1.36,2.88,Sarpsborg Stadion
1757862000,Sep 14 2025 - 3:00pm,complete,N/A,KFUM,Viking,N/A,21,1.50,2.20,1.33,2.20,2,2,4,3,2,1,"1,19","5,73",4,6,3,0,1,0,0,3,0,1,10,6,4,3,6,3,15,11,47,53,1.39,1.53,1.15,0.92,3.40,70,80,65,60,25,40,75,70,85,9.80,4.40,2.68,3.25,2.36,1.29,1.88,3.20,6.00,1.73,2.00,KFUM Arena
1757862000,Sep 14 2025 - 3:00pm,complete,N/A,HamKam,Strømsgodset,N/A,21,1.20,0.70,1.60,0.67,1,2,3,1,1,0,"8","59,83",5,8,1,0,1,0,0,1,1,0,11,18,5,4,6,14,13,9,48,52,1.24,1.18,1.42,1.85,3.45,70,80,70,55,35,45,85,55,85,9.60,2.20,2.20,3.50,3.02,1.17,1.67,2.60,4.75,1.58,2.20,Briskeby Arena
1757870100,Sep 14 2025 - 5:15pm,complete,N/A,Haugesund,Rosenborg,N/A,21,0.50,1.10,0.33,1.00,0,3,3,2,0,2,"","4,35,59",2,5,1,0,2,0,0,1,0,2,5,14,1,6,4,8,10,13,43,57,1.15,1.28,0.51,1.83,3.05,40,85,60,45,30,40,75,45,80,8.50,4.40,6.00,5.16,1.45,1.11,1.52,2.00,4.20,1.75,1.99,Haugesund Stadion
1758369600,Sep 20 2025 - 12:00pm,complete,N/A,Fredrikstad,Bryne,N/A,22,1.82,0.50,1.67,0.60,1,1,2,1,1,0,"25","88",4,4,0,0,3,0,0,0,2,1,10,10,4,3,6,7,14,12,51,49,1.42,1.05,1.27,1.15,2.86,53,82,48,33,19,38,76,39,77,7.60,2.89,1.65,3.60,4.75,1.35,1.92,2.80,5.20,1.80,1.88,Nye Fredrikstad Stadion
1758376800,Sep 20 2025 - 2:00pm,complete,N/A,Sandefjord,Brann,N/A,22,2.40,1.70,2.27,1.53,0,3,3,1,0,1,"","66,56,13",4,6,0,1,2,0,1,0,1,1,11,14,6,5,5,9,14,15,43,57,1.61,1.89,1.36,1.56,3.45,55,100,75,35,25,50,85,60,90,10.60,3.60,3.73,3.70,2.00,1.13,1.50,2.17,3.85,1.43,2.50,Komplett Arena
1758384000,Sep 20 2025 - 4:00pm,complete,N/A,Vålerenga,KFUM,N/A,22,1.70,1.20,1.87,1.00,1,1,2,0,0,0,"90'7","63",1,4,2,0,4,0,0,2,1,3,7,9,1,2,6,7,11,20,48,52,2.03,1.13,0.76,0.98,3.00,50,85,55,40,25,45,70,55,75,10.70,2.90,2.30,3.59,2.80,1.31,1.85,3.12,6.57,1.68,2.16,Intility Arena
1758457800,Sep 21 2025 - 12:30pm,complete,N/A,Rosenborg,FK Bodo - Glimt,N/A,22,2.11,2.30,1.80,2.20,1,1,2,1,0,1,"70","6",8,3,3,0,1,0,0,3,0,1,17,12,2,3,15,9,17,5,51,49,1.69,2.05,1.53,1.19,2.65,52,74,46,31,16,31,74,52,73,15.13,2.63,3.20,3.80,1.95,1.16,1.50,2.31,4.08,1.44,2.50,Lerkendal Stadion
1758466800,Sep 21 2025 - 3:00pm,complete,N/A,Strømsgodset,Sarpsborg 08,N/A,22,0.60,1.45,0.67,1.47,2,1,3,2,1,1,"10,60","33",8,7,1,0,2,0,1,0,0,2,12,13,4,3,8,10,11,14,42,58,1.53,1.88,1.37,1.41,3.10,57,91,67,43,19,38,82,67,91,11.87,3.34,2.20,3.80,2.82,1.11,1.38,2.02,3.08,1.33,2.95,Marienlyst Stadion
1758466800,Sep 21 2025 - 3:00pm,complete,N/A,Tromsø,HamKam,N/A,22,1.90,0.90,2.07,0.87,1,0,1,0,0,0,"47","",3,4,2,0,1,0,1,1,0,1,14,13,2,2,12,11,12,12,56,44,1.48,1.17,1.44,1.18,2.45,40,75,50,20,5,15,80,45,75,8.30,3.80,1.30,5.00,8.25,1.19,1.73,2.60,5.00,2.10,1.83,N/A
1758466800,Sep 21 2025 - 3:00pm,complete,N/A,Kristiansund,Haugesund,N/A,22,1.00,0.10,1.27,0.27,2,0,2,1,1,0,"17,71","",3,1,2,0,1,0,0,2,0,1,22,5,7,3,15,2,10,12,51,49,1.25,1.07,2.27,0.69,2.95,50,75,60,45,15,30,65,50,80,8.00,3.90,1.30,5.75,9.25,1.12,1.44,2.10,3.40,1.85,1.99,Kristiansund Stadion
1758474900,Sep 21 2025 - 5:15pm,complete,N/A,Viking,Molde,N/A,22,2.30,1.10,2.53,0.93,1,0,1,0,0,0,"61","",16,5,1,0,1,0,1,0,0,1,29,20,7,4,22,16,9,4,51,49,2.08,1.20,2.77,1.78,3.35,55,75,75,45,25,40,75,55,75,14.30,4.30,1.51,4.20,4.00,1.08,1.41,2.15,3.87,1.51,2.50,N/A
1758988800,Sep 27 2025 - 4:00pm,complete,N/A,Sarpsborg 08,Viking,N/A,23,1.20,2.09,1.27,2.20,3,3,6,4,1,3,"90'8,90'9,17","7,40,43",5,12,1,0,0,0,0,1,0,0,10,21,4,6,6,15,17,14,52,48,1.59,1.47,1.31,2.07,3.42,76,81,67,57,24,38,91,52,86,11.94,3.59,3.76,4.00,1.70,1.06,1.40,2.09,3.20,1.42,2.75,Sarpsborg Stadion
1759062600,Sep 28 2025 - 12:30pm,complete,N/A,Brann,Fredrikstad,N/A,19,2.30,1.11,2.20,1.13,1,0,1,1,1,0,"35","",7,5,0,0,1,0,0,0,0,1,19,7,6,1,13,6,10,10,67,33,1.99,1.32,2.09,0.74,2.81,57,68,57,36,21,42,74,46,68,12.99,3.69,1.44,4.25,5.25,1.11,1.52,2.40,3.64,1.59,2.24,Brann Stadion
1759071600,Sep 28 2025 - 3:00pm,complete,N/A,HamKam,Rosenborg,N/A,23,1.09,1.27,1.60,1.00,4,0,4,3,3,0,"5,33,45'1,74","",6,1,1,0,0,1,0,1,1,0,28,7,16,3,12,4,16,7,67,33,1.25,1.33,3.46,0.83,3.00,64,87,64,36,14,45,87,36,87,9.27,4.00,3.80,3.85,1.92,1.24,1.65,2.63,4.55,1.68,2.22,Briskeby Arena
1759071600,Sep 28 2025 - 3:00pm,complete,N/A,Tromsø,Strømsgodset,N/A,23,2.00,0.91,2.07,0.67,3,1,4,3,2,1,"16,45'1,48","13",5,6,3,0,1,0,2,1,0,1,12,7,9,2,3,5,13,5,53,47,1.48,1.24,1.85,0.87,3.00,55,69,64,41,32,18,73,59,82,9.91,3.09,1.49,4.40,6.00,1.21,1.66,2.58,4.40,1.74,2.00,N/A
1759071600,Sep 28 2025 - 3:00pm,complete,N/A,Bryne,Kristiansund,N/A,23,1.36,1.27,1.47,1.07,2,0,2,0,0,0,"86,79","",5,5,5,0,1,0,0,5,0,1,13,12,6,3,7,9,14,10,58,42,1.48,1.11,1.52,1.26,3.28,60,73,60,45,27,36,82,50,69,9.37,3.46,2.11,3.45,3.30,1.22,1.70,3.12,5.00,1.65,2.10,Bryne Stadion
1759079700,Sep 28 2025 - 5:15pm,complete,N/A,Molde,Vålerenga,N/A,23,1.45,1.18,1.67,0.87,4,1,5,3,2,1,"12,45'5,52,87","36",5,6,1,0,1,0,0,1,0,1,21,16,8,2,13,14,14,10,47,53,1.70,1.21,2.12,1.51,2.91,50,78,45,27,23,36,78,41,87,11.73,3.91,1.83,3.90,4.10,1.18,1.56,2.31,3.72,1.53,2.47,Aker Stadion
1759165200,Sep 29 2025 - 5:00pm,complete,N/A,Haugesund,Sandefjord,N/A,23,0.45,0.40,0.33,0.93,2,3,5,3,1,2,"59,45'6","20,81,32",1,6,2,0,3,0,2,0,1,2,9,17,6,6,3,11,13,18,46,54,1.09,1.55,1.21,1.87,3.10,49,81,67,48,23,43,52,58,86,8.25,3.95,5.55,4.60,1.52,1.17,1.50,2.30,3.64,1.63,2.27,Haugesund Stadion
1759338000,Oct 01 2025 - 5:00pm,complete,N/A,KFUM,Fredrikstad,N/A,23,1.45,1.00,1.33,1.13,2,1,3,2,2,0,"27,41","90'3",2,3,2,0,1,0,0,2,0,1,9,7,3,4,6,3,12,13,43,57,1.37,1.26,1.36,0.93,2.59,52,66,47,37,14,38,67,42,66,9.08,4.07,1.94,3.15,4.00,1.42,2.35,4.10,7.80,1.95,1.78,KFUM Arena
1759579200,Oct 04 2025 - 12:00pm,complete,N/A,Vålerenga,Tromsø,N/A,24,1.64,1.82,1.87,1.73,1,0,1,0,0,0,"88","",6,5,5,0,0,0,0,5,0,0,11,13,5,4,6,9,17,14,40,60,1.92,1.13,1.23,1.55,3.45,69,91,60,50,27,50,82,60,82,9.55,3.27,3.06,3.30,2.15,1.18,1.70,2.71,5.00,1.62,2.41,Intility Arena
1759586400,Oct 04 2025 - 2:00pm,complete,N/A,Sandefjord,Bryne,N/A,24,2.18,0.55,2.27,0.60,1,0,1,0,0,0,"79","",4,3,0,0,1,0,0,0,0,1,13,8,3,1,10,7,16,16,55,45,1.59,1.06,1.26,0.88,3.19,55,96,64,32,23,46,82,55,91,6.09,3.82,1.64,3.71,4.20,1.23,1.60,2.71,4.95,1.66,2.20,Komplett Arena
1759593600,Oct 04 2025 - 4:00pm,complete,N/A,Kristiansund,Molde,N/A,24,1.18,1.00,1.27,0.93,2,1,3,1,0,1,"49,60","21",5,7,1,0,2,0,0,1,0,2,13,16,5,7,8,9,8,10,37,63,1.34,1.26,1.43,2.04,2.64,41,69,55,32,18,36,55,36,82,8.72,5.00,3.38,3.65,1.95,1.17,1.57,2.38,3.94,1.50,2.45,Kristiansund Stadion
1759667400,Oct 05 2025 - 12:30pm,complete,N/A,Viking,Brann,N/A,24,2.36,1.82,2.53,1.53,3,0,3,2,2,0,"7,43,68","",6,4,1,0,3,0,0,1,1,2,13,5,7,2,6,3,10,14,32,68,2.14,1.86,1.57,0.72,3.46,60,87,73,41,23,32,78,64,87,17.73,3.09,2.20,3.70,2.95,1.09,1.41,2.31,3.38,1.40,2.75,N/A
1759676400,Oct 05 2025 - 3:00pm,complete,N/A,Fredrikstad,HamKam,N/A,24,1.75,0.82,1.67,0.87,1,1,2,1,0,1,"71","44",7,8,0,0,1,0,0,0,0,1,15,20,9,5,6,15,8,12,59,41,1.41,1.17,1.91,1.90,2.60,39,79,44,26,9,30,87,31,70,8.74,2.55,2.02,3.30,3.70,1.24,1.89,3.12,6.79,1.75,2.00,Nye Fredrikstad Stadion
1759676400,Oct 05 2025 - 3:00pm,complete,N/A,FK Bodo - Glimt,Haugesund,N/A,24,2.27,0.09,2.47,0.27,2,0,2,1,1,0,"15,74","",19,0,0,0,0,0,0,0,0,0,36,3,12,1,24,2,9,7,69,31,2.27,1.03,4.14,0.34,3.55,45,87,69,41,18,46,87,55,78,10.36,2.10,1.01,16.00,71.00,1.02,1.06,1.28,1.67,2.15,1.65,Aspmyra Stadion
1759676400,Oct 05 2025 - 3:00pm,complete,N/A,Strømsgodset,KFUM,N/A,24,0.82,1.18,0.67,1.00,1,1,2,0,0,0,"90'5","90'1",3,7,1,0,3,0,0,1,0,3,11,13,4,5,7,8,14,8,47,53,1.51,1.11,1.33,1.61,2.77,46,87,55,27,18,32,78,60,87,10.27,3.37,3.25,3.35,2.00,1.24,1.97,3.40,5.60,1.67,2.00,Marienlyst Stadion
1759684500,Oct 05 2025 - 5:15pm,complete,N/A,Rosenborg,Sarpsborg 08,N/A,24,2.00,1.33,1.80,1.47,2,3,5,1,0,1,"52,86","45'1,79,87",11,2,0,1,3,0,0,1,0,3,18,13,8,6,10,7,10,24,62,38,1.67,1.84,2.12,1.50,2.50,59,77,44,30,14,35,69,49,72,13.73,3.17,1.60,4.00,4.65,1.09,1.44,2.16,3.64,1.50,2.50,Lerkendal Stadion
1760788800,Oct 18 2025 - 12:00pm,complete,N/A,Sarpsborg 08,FK Bodo - Glimt,N/A,25,1.18,2.18,1.27,2.20,2,5,7,3,1,2,"24,66","6,41,53,72,69",7,12,0,0,0,0,0,0,0,0,22,22,5,10,17,12,0,7,31,69,1.56,1.97,1.94,2.53,3.27,69,82,64,50,23,36,87,50,87,13.54,2.72,5.50,5.00,1.41,1.05,1.28,1.88,2.88,1.48,2.50,Sarpsborg Stadion
1760796000,Oct 18 2025 - 2:00pm,complete,N/A,Bryne,Rosenborg,N/A,25,1.50,1.17,1.47,1.00,2,2,4,1,0,1,"90'2,62","86,30",7,6,1,0,3,0,1,0,1,2,17,13,8,5,9,8,15,12,52,48,1.48,1.29,0.00,0.00,3.00,46,84,59,42,17,42,84,38,79,9.41,4.67,2.95,3.50,2.02,1.25,1.80,2.64,4.90,1.62,2.15,Bryne Stadion
1760803200,Oct 18 2025 - 4:00pm,complete,N/A,Brann,Haugesund,N/A,25,2.36,0.08,2.20,0.27,4,1,5,1,1,0,"32,47,51,71","84",8,5,1,0,3,0,1,0,2,1,20,11,9,5,11,6,7,15,61,39,2.00,0.98,2.27,1.15,3.14,53,78,66,49,18,35,87,57,74,11.00,3.06,1.05,11.26,21.00,1.05,1.29,1.80,2.61,1.95,1.70,Brann Stadion
1760877000,Oct 19 2025 - 12:30pm,complete,N/A,Tromsø,Viking,N/A,25,2.08,2.00,2.07,2.20,1,3,4,2,1,1,"12","64,87,15",1,3,1,0,1,0,1,0,0,1,12,10,4,4,8,6,19,17,64,36,1.51,1.52,1.22,1.16,3.13,67,71,63,46,21,29,75,55,88,10.59,4.17,2.20,3.60,2.91,1.20,1.85,2.55,5.74,1.50,2.24,N/A
1760886000,Oct 19 2025 - 3:00pm,complete,N/A,KFUM,Kristiansund,N/A,25,1.58,1.17,1.33,1.07,1,1,2,1,0,1,"80","3",4,2,1,0,0,0,0,1,0,0,20,4,5,2,15,2,8,5,65,35,1.37,1.12,2.20,0.55,3.30,63,79,63,50,25,42,71,58,75,8.58,3.92,1.51,3.70,5.00,1.22,1.88,2.94,6.05,1.85,2.01,KFUM Arena
1760886000,Oct 19 2025 - 3:00pm,complete,N/A,Molde,Sandefjord,N/A,25,1.58,0.64,1.67,0.93,1,3,4,3,1,2,"27","43,48,5",10,4,2,0,3,0,1,1,1,2,22,12,4,7,18,5,8,13,60,40,1.74,1.58,2.38,1.46,3.05,62,79,62,44,22,44,69,53,83,12.24,4.37,1.67,4.15,3.50,1.14,1.48,2.14,3.75,1.44,2.63,Aker Stadion
1760886000,Oct 19 2025 - 3:00pm,complete,N/A,HamKam,Vålerenga,N/A,25,1.25,1.08,1.60,0.87,2,1,3,1,1,0,"22,77","59",6,8,3,0,1,0,2,1,0,1,15,20,7,6,8,14,13,12,39,61,1.44,1.23,1.71,2.19,3.21,67,83,59,38,21,46,75,46,96,8.83,3.08,2.42,3.65,2.50,1.20,1.62,2.39,4.50,1.49,2.44,Briskeby Arena
1760894100,Oct 19 2025 - 5:15pm,complete,N/A,Strømsgodset,Fredrikstad,N/A,25,0.83,0.91,0.67,1.13,0,3,3,0,0,0,"","67,71,77",6,4,0,0,1,0,0,0,0,1,24,16,4,9,20,7,6,8,50,50,1.50,1.23,2.23,2.10,2.59,52,78,52,17,13,35,83,43,78,10.31,3.31,2.35,3.55,2.85,1.18,1.70,2.61,5.00,1.55,2.25,Marienlyst Stadion
1761400800,Oct 25 2025 - 2:00pm,complete,N/A,Viking,Bryne,N/A,26,2.42,0.50,2.53,0.60,5,1,6,2,2,0,"21,45'1,54,62,89","67",5,4,1,0,1,0,0,1,1,0,13,9,9,3,4,6,8,13,51,49,2.09,1.05,1.73,1.13,3.13,58,79,59,38,21,33,71,50,88,12.92,3.16,1.35,4.60,6.20,1.10,1.47,2.25,3.54,1.79,1.91,N/A
1761408000,Oct 25 2025 - 4:00pm,complete,N/A,Sarpsborg 08,KFUM,N/A,26,1.08,1.17,1.27,1.00,2,1,3,2,2,0,"7,20","76",2,6,1,0,3,0,0,1,1,2,7,12,5,6,2,6,11,10,38,62,1.59,1.15,1.01,1.65,3.00,59,79,50,42,25,34,71,54,79,10.92,3.16,3.10,3.25,2.37,1.25,1.83,3.00,5.50,1.68,2.05,Sarpsborg Stadion
1761485400,Oct 26 2025 - 1:30pm,complete,N/A,Rosenborg,Brann,N/A,26,1.82,1.67,1.80,1.53,2,3,5,3,1,2,"45'2,52","20,42,78",7,8,2,0,4,0,1,1,2,2,14,15,4,6,10,9,16,13,42,58,1.71,1.76,1.48,1.76,2.76,53,87,51,22,18,30,78,52,78,14.65,3.38,2.51,3.47,2.31,1.18,1.60,2.34,4.10,1.50,2.43,Lerkendal Stadion
1761494400,Oct 26 2025 - 4:00pm,complete,N/A,FK Bodo - Glimt,Molde,N/A,26,2.33,0.92,2.47,0.93,4,1,5,3,2,1,"15,38,65,83","44",2,1,1,0,2,0,0,1,0,2,15,6,6,2,9,4,11,16,64,36,2.44,1.32,2.00,0.76,3.25,42,80,67,29,21,50,75,46,79,12.66,3.17,1.25,6.00,8.60,1.03,1.25,1.87,2.78,1.56,2.37,Aspmyra Stadion
1761494400,Oct 26 2025 - 4:00pm,complete,N/A,Haugesund,Tromsø,N/A,26,0.42,1.67,0.33,1.73,2,3,5,4,2,2,"23,43","21,36,51",3,5,3,0,2,0,1,2,0,2,8,16,3,5,5,11,17,20,49,51,1.10,1.17,0.85,1.86,3.25,46,79,59,50,34,46,75,54,83,7.17,3.25,12.00,4.80,1.30,1.22,1.85,2.65,5.10,2.26,1.55,Haugesund Stadion
1761494400,Oct 26 2025 - 4:00pm,complete,N/A,Kristiansund,HamKam,N/A,26,1.33,0.83,1.27,0.87,1,3,4,0,0,0,"90'5","64,77,72",5,7,2,0,1,0,1,1,1,0,17,16,5,6,12,10,11,10,55,45,1.35,1.23,1.71,1.66,2.55,42,79,46,25,9,25,71,38,84,8.59,3.67,2.15,3.30,2.85,1.18,1.72,2.75,4.90,1.64,2.25,Kristiansund Stadion
1761494400,Oct 26 2025 - 4:00pm,complete,N/A,Sandefjord,Fredrikstad,N/A,26,2.25,1.08,2.27,1.13,0,0,0,0,0,0,"","",5,3,0,0,0,0,0,0,0,0,12,8,4,5,8,3,11,6,46,54,1.56,1.31,1.40,1.20,2.75,42,75,59,21,17,42,75,42,75,8.09,3.42,1.85,3.40,3.50,1.20,1.65,2.60,4.80,1.57,2.36,Komplett Arena
1761502500,Oct 26 2025 - 6:15pm,complete,N/A,Vålerenga,Strømsgodset,N/A,26,1.75,0.83,1.87,0.67,2,1,3,1,0,1,"90'1,90'7","29",16,3,0,0,3,0,0,0,2,1,23,6,7,3,16,3,9,15,67,33,1.86,1.21,2.67,0.74,3.54,67,88,71,55,38,46,80,63,83,11.33,2.67,1.81,3.95,4.53,1.12,1.35,2.02,3.20,1.40,2.75,Intility Arena
1761760800,Oct 29 2025 - 6:00pm,complete,N/A,Brann,FK Bodo - Glimt,N/A,23,2.42,2.25,2.20,2.20,1,2,3,1,1,0,"45'1","76,86",2,1,4,0,2,0,1,3,0,2,13,4,4,2,9,2,17,10,54,46,2.02,2.01,1.48,0.71,3.46,67,79,71,54,29,42,83,63,84,15.75,2.75,3.50,4.00,1.85,1.13,1.40,2.10,3.45,1.41,2.98,Brann Stadion
1761768000,Oct 29 2025 - 8:00pm,complete,N/A,Rosenborg,Sandefjord,N/A,19,1.67,0.83,1.80,0.93,1,1,2,0,0,0,"62","90'8",4,6,1,0,2,0,0,1,0,2,5,15,2,4,3,11,12,15,40,60,1.69,1.57,0.72,1.65,2.92,67,79,54,42,21,38,63,54,80,12.50,4.08,2.03,3.94,3.50,1.13,1.46,2.30,4.12,1.49,2.56,Lerkendal Stadion
1762009200,Nov 01 2025 - 3:00pm,complete,N/A,Vålerenga,FK Bodo - Glimt,N/A,27,1.85,2.31,1.87,2.20,3,1,4,2,2,0,"32,45'1,47","64",2,12,0,0,1,0,0,0,0,1,12,24,4,7,8,17,14,10,29,71,1.92,1.91,1.29,2.55,3.35,69,89,66,42,23,42,77,62,89,13.77,2.85,5.25,4.90,1.49,1.03,1.25,1.70,2.54,1.36,2.90,Intility Arena
1762016400,Nov 01 2025 - 5:00pm,complete,N/A,Molde,Rosenborg,N/A,27,1.46,1.15,1.67,1.00,4,2,6,4,3,1,"90'3,11,24,33","77,14",3,8,4,0,3,0,0,4,0,3,22,10,14,4,8,6,13,11,45,55,1.79,1.29,2.77,1.37,3.04,50,85,62,42,19,46,92,35,81,12.23,4.61,1.95,3.97,3.40,1.18,1.53,2.45,4.40,1.44,2.50,Aker Stadion
1762090200,Nov 02 2025 - 1:30pm,complete,N/A,Strømsgodset,Viking,N/A,27,0.77,2.08,0.67,2.20,1,2,3,3,1,2,"13","38,45'2",7,13,2,0,1,0,1,1,1,0,14,16,6,8,8,8,11,7,44,56,1.55,1.49,1.53,2.06,3.50,70,93,73,46,23,43,89,69,96,11.54,3.31,4.60,4.20,1.50,1.10,1.34,1.92,2.90,1.45,2.50,Marienlyst Stadion
1762099200,Nov 02 2025 - 4:00pm,complete,N/A,HamKam,Sandefjord,N/A,27,1.38,0.85,1.60,0.93,3,1,4,2,2,0,"5,8,54","79",8,10,1,0,2,0,0,1,1,1,15,18,6,7,9,11,17,13,35,65,1.46,1.58,1.60,2.03,3.16,77,85,69,46,12,46,66,54,92,9.54,3.84,2.55,3.45,2.68,1.22,1.65,2.50,4.40,1.52,2.33,Briskeby Arena
1762099200,Nov 02 2025 - 4:00pm,complete,N/A,KFUM,Haugesund,N/A,27,1.54,0.08,1.33,0.27,1,4,5,2,0,2,"67","10,29,46,50",16,1,1,0,3,0,1,0,1,2,27,11,8,8,19,3,9,7,61,39,1.43,0.99,2.77,1.42,3.12,58,85,62,50,15,35,81,54,81,7.15,3.69,1.25,6.40,10.50,1.19,1.60,2.30,4.35,2.10,1.62,KFUM Arena
1762099200,Nov 02 2025 - 4:00pm,complete,N/A,Bryne,Brann,N/A,27,1.46,1.77,1.47,1.53,2,1,3,2,2,0,"1,18","59",2,5,2,0,1,1,1,1,0,2,9,13,4,5,5,8,17,15,30,70,1.48,1.76,1.10,1.61,3.19,54,89,66,39,19,39,81,58,85,12.00,3.92,3.70,3.86,1.83,1.22,1.75,3.00,5.15,1.67,2.05,Bryne Stadion
1762099200,Nov 02 2025 - 4:00pm,complete,N/A,Fredrikstad,Kristiansund,N/A,27,1.69,1.15,1.67,1.07,3,1,4,2,1,1,"24,56,74","31",2,1,1,0,2,0,0,1,1,1,14,17,5,3,9,14,8,12,65,35,1.45,1.08,1.55,1.49,3.00,58,77,46,35,23,31,81,39,69,9.46,2.46,1.66,3.85,4.30,1.10,1.62,2.60,4.60,1.65,2.07,Nye Fredrikstad Stadion
1762107300,Nov 02 2025 - 6:15pm,complete,N/A,Tromsø,Sarpsborg 08,N/A,27,1.92,1.46,2.07,1.47,4,0,4,3,3,0,"15,24,26,67","",5,4,0,0,2,0,0,0,0,2,11,11,7,3,4,8,10,12,53,47,1.49,1.81,1.53,1.25,2.81,62,74,62,43,16,31,66,54,85,10.15,3.92,1.55,4.45,6.00,1.18,1.55,2.30,4.20,1.68,2.15,N/A
1762606800,Nov 08 2025 - 1:00pm,complete,N/A,Sarpsborg 08,Fredrikstad,N/A,28,1.23,1.08,1.27,1.13,0,2,2,0,0,0,"","53,87",7,6,2,0,3,0,0,2,0,3,12,8,3,5,9,3,13,9,56,44,1.55,1.30,1.44,1.10,2.81,58,70,54,31,20,39,77,35,70,10.46,2.85,2.17,3.65,3.00,1.12,1.50,2.43,4.10,1.53,2.50,Sarpsborg Stadion
1762621200,Nov 08 2025 - 5:00pm,complete,N/A,Viking,HamKam,N/A,28,2.46,1.00,2.53,0.87,3,0,3,0,0,0,"55,75,82","",4,4,0,0,3,0,0,0,1,2,19,12,5,3,14,9,14,15,53,47,2.06,1.27,1.92,1.15,3.16,50,81,62,39,16,31,81,50,81,14.15,2.77,1.27,6.40,8.00,1.10,1.36,1.91,3.25,1.67,2.17,N/A
1762695000,Nov 09 2025 - 1:30pm,complete,N/A,Rosenborg,Vålerenga,N/A,28,1.62,1.00,1.80,0.87,1,0,1,0,0,0,"86","",11,4,2,0,3,1,1,1,2,2,21,5,5,2,16,3,10,10,75,25,1.62,1.31,2.20,0.63,2.89,62,81,43,27,27,31,69,54,85,12.00,3.31,1.88,3.83,3.07,1.09,1.43,1.94,3.45,1.45,2.87,Lerkendal Stadion
1762704000,Nov 09 2025 - 4:00pm,complete,N/A,Brann,KFUM,N/A,28,2.23,1.08,2.20,1.00,1,1,2,0,0,0,"57","74",7,3,1,0,2,0,1,0,2,0,9,5,3,4,6,1,8,9,61,39,1.98,1.19,1.10,0.80,2.88,58,77,58,39,23,35,70,62,77,12.31,3.69,1.51,3.75,4.80,1.25,1.85,3.23,5.60,1.75,2.03,Brann Stadion
1762704000,Nov 09 2025 - 4:00pm,complete,N/A,Kristiansund,Strømsgodset,N/A,28,1.23,0.77,1.27,0.67,2,1,3,2,2,0,"29,45'1","53",3,8,2,0,2,0,0,2,1,1,8,14,4,1,4,13,14,6,36,64,1.38,1.17,1.08,1.46,3.27,62,81,70,50,31,31,69,58,89,9.84,3.23,1.83,4.00,3.50,1.14,1.41,2.10,3.67,1.44,2.48,Kristiansund Stadion
1762704000,Nov 09 2025 - 4:00pm,complete,N/A,FK Bodo - Glimt,Bryne,N/A,28,2.38,0.46,2.47,0.60,5,0,5,1,1,0,"16,70,68,84,87","",14,2,0,0,1,0,0,0,1,0,27,7,7,0,20,7,9,5,80,20,2.41,1.05,2.99,0.48,3.42,54,89,58,35,27,50,77,50,89,10.47,2.31,1.08,12.35,22.00,1.03,1.23,1.75,2.45,1.98,1.72,Aspmyra Stadion
1762704000,Nov 09 2025 - 4:00pm,complete,N/A,Sandefjord,Tromsø,N/A,28,2.15,1.77,2.27,1.73,1,0,1,1,1,0,"23","",2,4,2,0,2,0,1,1,0,2,5,25,1,3,4,22,16,10,44,56,1.55,1.22,0.58,2.31,3.23,50,81,62,43,27,46,81,50,85,7.54,3.31,3.33,3.60,2.15,1.24,1.85,2.63,4.65,1.62,2.20,Komplett Arena
1762712100,Nov 09 2025 - 6:15pm,complete,N/A,Haugesund,Molde,N/A,28,0.38,0.85,0.33,0.93,0,2,2,0,0,0,"","52,90'2",5,4,0,0,2,0,0,0,0,2,10,14,2,3,8,11,11,9,42,58,1.08,1.28,1.00,1.42,3.12,42,77,69,43,35,50,69,50,81,7.54,4.31,7.50,5.40,1.34,1.13,1.44,2.15,3.35,1.70,2.04,Haugesund Stadion
1763748000,Nov 21 2025 - 6:00pm,complete,N/A,KFUM,FK Bodo - Glimt,N/A,29,1.43,2.14,1.33,2.20,1,2,3,1,0,1,"46","30,90'4",4,6,5,0,0,0,1,4,0,0,8,19,3,6,5,13,16,8,33,67,1.53,1.96,0.00,0.00,3.36,71,86,68,54,21,47,79,61,90,12.43,3.28,6.75,4.50,1.40,1.12,1.49,2.30,4.00,1.75,2.00,KFUM Arena
1763816400,Nov 22 2025 - 1:00pm,complete,N/A,Tromsø,Rosenborg,N/A,29,2.00,1.07,2.07,1.00,1,0,1,1,1,0,"4","",5,2,3,0,2,0,2,1,1,1,15,5,5,0,10,5,15,10,42,58,1.49,1.29,1.50,0.49,2.97,50,79,64,43,14,36,79,40,86,9.14,4.71,1.50,4.20,5.00,1.21,1.66,2.55,4.60,1.79,2.00,N/A
1763823600,Nov 22 2025 - 3:00pm,complete,N/A,Vålerenga,Kristiansund,N/A,29,1.93,1.07,1.87,1.07,3,3,6,1,0,1,"85,90,86","23,64,70",5,6,2,1,0,0,1,2,0,0,13,17,5,7,8,10,13,12,58,42,1.88,1.11,1.50,1.81,3.33,68,86,61,43,25,43,75,61,79,10.35,3.07,1.65,3.80,4.00,1.14,1.50,2.04,3.44,1.53,2.40,Intility Arena
1763830800,Nov 22 2025 - 5:00pm,complete,N/A,Strømsgodset,Sandefjord,N/A,29,0.71,0.79,0.67,0.93,2,6,8,5,2,3,"45'4,17","71,79,81,1,27,33",10,7,3,0,0,0,1,2,0,0,19,24,6,15,13,9,12,18,54,46,1.55,1.61,1.98,2.89,3.18,68,93,71,39,14,43,68,64,93,11.00,3.93,3.00,3.75,2.13,1.10,1.45,2.05,3.30,1.45,2.85,Marienlyst Stadion
1763830800,Nov 22 2025 - 5:00pm,complete,N/A,Molde,Brann,N/A,29,1.57,1.64,1.67,1.53,4,0,4,0,0,0,"54,65,75,90'3","",1,4,4,0,0,0,2,2,0,0,9,8,5,2,4,6,11,10,42,58,1.86,1.74,1.16,1.03,3.25,57,90,68,36,25,50,90,50,86,14.07,4.07,2.60,3.60,2.30,1.18,1.55,2.48,4.20,1.50,2.40,Aker Stadion
1763904600,Nov 23 2025 - 1:30pm,complete,N/A,HamKam,Haugesund,N/A,29,1.50,0.29,1.60,0.27,5,0,5,5,5,0,"6,33,17,28,44","",11,5,1,0,0,0,1,0,0,0,24,10,11,2,13,8,14,7,55,45,1.47,1.02,2.74,1.02,3.22,65,86,68,47,14,40,90,54,86,7.86,3.00,1.33,4.70,6.50,1.08,1.57,2.35,3.30,1.62,2.20,Briskeby Arena
1763904600,Nov 23 2025 - 1:30pm,complete,N/A,Bryne,Sarpsborg 08,N/A,29,1.57,1.36,1.47,1.47,0,3,3,1,0,1,"","5,56,90'6",5,2,3,0,1,0,0,3,0,1,18,16,4,9,14,7,11,8,58,42,1.45,1.77,1.93,1.92,3.11,61,83,64,50,18,43,75,54,83,10.65,3.72,2.22,3.39,2.67,1.16,1.65,2.45,4.60,1.51,2.39,Bryne Stadion
1763921700,Nov 23 2025 - 6:15pm,complete,N/A,Fredrikstad,Viking,N/A,29,1.79,2.14,1.67,2.20,0,1,1,0,0,0,"","72",3,5,6,0,3,0,1,5,0,3,12,16,4,8,8,8,10,13,44,56,1.46,1.54,1.29,2.04,3.33,72,83,61,50,22,47,90,47,79,11.29,2.72,4.70,4.20,1.48,1.16,1.53,2.40,4.20,1.65,2.15,Nye Fredrikstad Stadion
1764518400,Nov 30 2025 - 4:00pm,complete,N/A,Viking,Vålerenga,N/A,30,2.50,0.93,2.53,0.87,5,1,6,3,3,0,"45'4,54,72,10,15","50",6,3,1,0,3,0,0,1,2,1,15,10,5,4,10,6,18,13,48,52,2.05,1.26,1.59,1.03,3.43,57,79,65,40,29,36,68,57,93,13.93,3.21,1.12,6.90,10.50,1.08,1.26,1.70,2.44,1.59,2.40,N/A
1764518400,Nov 30 2025 - 4:00pm,complete,N/A,Sandefjord,KFUM,N/A,30,2.21,1.07,2.27,1.00,2,0,2,2,2,0,"45'3,37","",3,12,2,0,2,0,1,1,1,1,12,12,3,6,9,6,16,11,39,61,1.48,1.16,1.18,1.60,2.65,43,79,50,25,18,36,65,54,79,8.07,3.57,1.93,3.76,3.59,1.16,1.70,2.61,5.00,1.60,2.20,Komplett Arena
1764518400,Nov 30 2025 - 4:00pm,complete,N/A,Sarpsborg 08,Molde,N/A,30,1.14,1.00,1.27,0.93,1,0,1,1,1,0,"13","",4,11,0,0,1,0,0,0,0,1,8,26,4,9,4,17,5,11,22,78,1.54,1.29,1.01,3.06,3.15,57,79,64,40,25,43,75,50,83,10.29,3.93,2.65,3.70,2.25,1.06,1.35,1.92,2.85,1.33,3.10,Sarpsborg Stadion
1764518400,Nov 30 2025 - 4:00pm,complete,N/A,FK Bodo - Glimt,Fredrikstad,N/A,30,2.43,1.21,2.47,1.13,5,0,5,3,3,0,"45'2,61,73,37,42","",7,5,0,0,2,0,0,0,1,1,22,3,9,1,13,2,8,5,60,40,2.45,1.28,2.63,0.46,3.00,40,75,54,25,22,43,72,43,72,12.71,2.14,1.09,10.00,18.50,1.05,1.18,1.53,2.13,1.75,1.95,Aspmyra Stadion
1764518400,Nov 30 2025 - 4:00pm,complete,N/A,Kristiansund,Tromsø,N/A,30,1.36,1.64,1.27,1.73,1,3,4,3,0,3,"71","14,8,45'4",0,4,1,0,2,0,0,1,2,0,4,14,2,7,2,7,13,14,41,59,1.35,1.30,0.59,1.63,3.00,57,75,54,43,22,36,68,43,86,8.36,3.85,7.00,4.75,1.53,1.18,1.62,2.42,4.30,1.75,1.95,Kristiansund Stadion
1764518400,Nov 30 2025 - 4:00pm,complete,N/A,Haugesund,Bryne,N/A,30,0.36,0.43,0.33,0.60,1,4,5,3,1,2,"8","73,80,6,3",2,8,0,0,0,0,0,0,0,0,7,14,2,7,5,7,6,8,50,50,1.07,1.01,0.86,1.68,3.18,47,86,57,43,36,43,68,54,90,6.15,3.28,3.60,3.70,1.90,1.20,1.69,2.60,4.60,1.62,2.37,Haugesund Stadion
1764518400,Nov 30 2025 - 4:00pm,complete,N/A,Brann,HamKam,N/A,30,2.14,0.93,2.20,0.87,3,1,4,3,2,1,"60,45'4,33","4",8,3,1,0,4,1,0,1,4,1,19,3,8,3,11,0,11,8,73,27,1.92,1.26,2.44,0.52,2.93,54,83,61,36,15,29,79,57,79,11.86,3.28,1.23,6.00,9.00,1.10,1.28,1.83,2.64,1.66,2.27,Brann Stadion
1764518400,Nov 30 2025 - 4:00pm,complete,N/A,Rosenborg,Strømsgodset,N/A,30,1.71,0.71,1.80,0.67,6,0,6,2,2,0,"59,55,67,90'5,33,37","",5,3,0,0,2,0,0,0,1,1,24,13,11,2,13,11,8,10,57,43,1.66,1.19,2.82,1.23,3.04,64,79,58,39,32,32,79,57,79,13.21,2.71,1.47,5.00,5.55,1.09,1.28,1.74,2.60,1.40,2.72,Lerkendal Stadion
